seg_id,orientation,line_coord,seg_idx,x0,y0,x1,y1,class
1,v,550000,1,550000,4180000,550000,4180100,local
2,v,550000,2,550000,4180100,550000,4180200,local
3,v,550000,3,550000,4180200,550000,4180300,local
4,v,550000,4,550000,4180300,550000,4180400,local
5,v,550000,5,550000,4180400,550000,4180500,local
6,v,550000,6,550000,4180500,550000,4180600,local
7,v,550000,7,550000,4180600,550000,4180700,local
8,v,550000,8,550000,4180700,550000,4180800,local
9,v,550000,9,550000,4180800,550000,4180900,local
10,v,550000,10,550000,4180900,550000,4181000,local
11,v,550000,11,550000,4181000,550000,4181100,local
12,v,550000,12,550000,4181100,550000,4181200,local
13,v,550000,13,550000,4181200,550000,4181300,local
14,v,550000,14,550000,4181300,550000,4181400,local
15,v,550000,15,550000,4181400,550000,4181500,local
16,v,550000,16,550000,4181500,550000,4181600,local
17,v,550000,17,550000,4181600,550000,4181700,local
18,v,550000,18,550000,4181700,550000,4181800,local
19,v,550000,19,550000,4181800,550000,4181900,local
20,v,550000,20,550000,4181900,550000,4182000,local
21,v,550000,21,550000,4182000,550000,4182100,local
22,v,550000,22,550000,4182100,550000,4182200,local
23,v,550000,23,550000,4182200,550000,4182300,local
24,v,550000,24,550000,4182300,550000,4182400,local
25,v,550000,25,550000,4182400,550000,4182500,local
26,v,550000,26,550000,4182500,550000,4182600,local
27,v,550000,27,550000,4182600,550000,4182700,local
28,v,550000,28,550000,4182700,550000,4182800,local
29,v,550000,29,550000,4182800,550000,4182900,local
30,v,550100,1,550100,4180000,550100,4180100,local
31,v,550100,2,550100,4180100,550100,4180200,local
32,v,550100,3,550100,4180200,550100,4180300,local
33,v,550100,4,550100,4180300,550100,4180400,local
34,v,550100,5,550100,4180400,550100,4180500,local
35,v,550100,6,550100,4180500,550100,4180600,local
36,v,550100,7,550100,4180600,550100,4180700,local
37,v,550100,8,550100,4180700,550100,4180800,local
38,v,550100,9,550100,4180800,550100,4180900,local
39,v,550100,10,550100,4180900,550100,4181000,local
40,v,550100,11,550100,4181000,550100,4181100,local
41,v,550100,12,550100,4181100,550100,4181200,local
42,v,550100,13,550100,4181200,550100,4181300,local
43,v,550100,14,550100,4181300,550100,4181400,local
44,v,550100,15,550100,4181400,550100,4181500,local
45,v,550100,16,550100,4181500,550100,4181600,local
46,v,550100,17,550100,4181600,550100,4181700,local
47,v,550100,18,550100,4181700,550100,4181800,local
48,v,550100,19,550100,4181800,550100,4181900,local
49,v,550100,20,550100,4181900,550100,4182000,local
50,v,550100,21,550100,4182000,550100,4182100,local
51,v,550100,22,550100,4182100,550100,4182200,local
52,v,550100,23,550100,4182200,550100,4182300,local
53,v,550100,24,550100,4182300,550100,4182400,local
54,v,550100,25,550100,4182400,550100,4182500,local
55,v,550100,26,550100,4182500,550100,4182600,local
56,v,550100,27,550100,4182600,550100,4182700,local
57,v,550100,28,550100,4182700,550100,4182800,local
58,v,550100,29,550100,4182800,550100,4182900,local
59,v,550200,1,550200,4180000,550200,4180100,local
60,v,550200,2,550200,4180100,550200,4180200,local
61,v,550200,3,550200,4180200,550200,4180300,local
62,v,550200,4,550200,4180300,550200,4180400,local
63,v,550200,5,550200,4180400,550200,4180500,local
64,v,550200,6,550200,4180500,550200,4180600,local
65,v,550200,7,550200,4180600,550200,4180700,local
66,v,550200,8,550200,4180700,550200,4180800,local
67,v,550200,9,550200,4180800,550200,4180900,local
68,v,550200,10,550200,4180900,550200,4181000,local
69,v,550200,11,550200,4181000,550200,4181100,local
70,v,550200,12,550200,4181100,550200,4181200,local
71,v,550200,13,550200,4181200,550200,4181300,local
72,v,550200,14,550200,4181300,550200,4181400,local
73,v,550200,15,550200,4181400,550200,4181500,local
74,v,550200,16,550200,4181500,550200,4181600,local
75,v,550200,17,550200,4181600,550200,4181700,local
76,v,550200,18,550200,4181700,550200,4181800,local
77,v,550200,19,550200,4181800,550200,4181900,local
78,v,550200,20,550200,4181900,550200,4182000,local
79,v,550200,21,550200,4182000,550200,4182100,local
80,v,550200,22,550200,4182100,550200,4182200,local
81,v,550200,23,550200,4182200,550200,4182300,local
82,v,550200,24,550200,4182300,550200,4182400,local
83,v,550200,25,550200,4182400,550200,4182500,local
84,v,550200,26,550200,4182500,550200,4182600,local
85,v,550200,27,550200,4182600,550200,4182700,local
86,v,550200,28,550200,4182700,550200,4182800,local
87,v,550200,29,550200,4182800,550200,4182900,local
88,v,550300,1,550300,4180000,550300,4180100,local
89,v,550300,2,550300,4180100,550300,4180200,local
90,v,550300,3,550300,4180200,550300,4180300,local
91,v,550300,4,550300,4180300,550300,4180400,local
92,v,550300,5,550300,4180400,550300,4180500,local
93,v,550300,6,550300,4180500,550300,4180600,local
94,v,550300,7,550300,4180600,550300,4180700,local
95,v,550300,8,550300,4180700,550300,4180800,local
96,v,550300,9,550300,4180800,550300,4180900,local
97,v,550300,10,550300,4180900,550300,4181000,local
98,v,550300,11,550300,4181000,550300,4181100,local
99,v,550300,12,550300,4181100,550300,4181200,local
100,v,550300,13,550300,4181200,550300,4181300,local
101,v,550300,14,550300,4181300,550300,4181400,local
102,v,550300,15,550300,4181400,550300,4181500,local
103,v,550300,16,550300,4181500,550300,4181600,local
104,v,550300,17,550300,4181600,550300,4181700,local
105,v,550300,18,550300,4181700,550300,4181800,local
106,v,550300,19,550300,4181800,550300,4181900,local
107,v,550300,20,550300,4181900,550300,4182000,local
108,v,550300,21,550300,4182000,550300,4182100,local
109,v,550300,22,550300,4182100,550300,4182200,local
110,v,550300,23,550300,4182200,550300,4182300,local
111,v,550300,24,550300,4182300,550300,4182400,local
112,v,550300,25,550300,4182400,550300,4182500,local
113,v,550300,26,550300,4182500,550300,4182600,local
114,v,550300,27,550300,4182600,550300,4182700,local
115,v,550300,28,550300,4182700,550300,4182800,local
116,v,550300,29,550300,4182800,550300,4182900,local
117,v,550400,1,550400,4180000,550400,4180100,local
118,v,550400,2,550400,4180100,550400,4180200,local
119,v,550400,3,550400,4180200,550400,4180300,local
120,v,550400,4,550400,4180300,550400,4180400,local
121,v,550400,5,550400,4180400,550400,4180500,local
122,v,550400,6,550400,4180500,550400,4180600,local
123,v,550400,7,550400,4180600,550400,4180700,local
124,v,550400,8,550400,4180700,550400,4180800,local
125,v,550400,9,550400,4180800,550400,4180900,local
126,v,550400,10,550400,4180900,550400,4181000,local
127,v,550400,11,550400,4181000,550400,4181100,local
128,v,550400,12,550400,4181100,550400,4181200,local
129,v,550400,13,550400,4181200,550400,4181300,local
130,v,550400,14,550400,4181300,550400,4181400,local
131,v,550400,15,550400,4181400,550400,4181500,local
132,v,550400,16,550400,4181500,550400,4181600,local
133,v,550400,17,550400,4181600,550400,4181700,local
134,v,550400,18,550400,4181700,550400,4181800,local
135,v,550400,19,550400,4181800,550400,4181900,local
136,v,550400,20,550400,4181900,550400,4182000,local
137,v,550400,21,550400,4182000,550400,4182100,local
138,v,550400,22,550400,4182100,550400,4182200,local
139,v,550400,23,550400,4182200,550400,4182300,local
140,v,550400,24,550400,4182300,550400,4182400,local
141,v,550400,25,550400,4182400,550400,4182500,local
142,v,550400,26,550400,4182500,550400,4182600,local
143,v,550400,27,550400,4182600,550400,4182700,local
144,v,550400,28,550400,4182700,550400,4182800,local
145,v,550400,29,550400,4182800,550400,4182900,local
146,v,550500,1,550500,4180000,550500,4180100,local
147,v,550500,2,550500,4180100,550500,4180200,local
148,v,550500,3,550500,4180200,550500,4180300,local
149,v,550500,4,550500,4180300,550500,4180400,local
150,v,550500,5,550500,4180400,550500,4180500,local
151,v,550500,6,550500,4180500,550500,4180600,local
152,v,550500,7,550500,4180600,550500,4180700,local
153,v,550500,8,550500,4180700,550500,4180800,local
154,v,550500,9,550500,4180800,550500,4180900,local
155,v,550500,10,550500,4180900,550500,4181000,local
156,v,550500,11,550500,4181000,550500,4181100,local
157,v,550500,12,550500,4181100,550500,4181200,local
158,v,550500,13,550500,4181200,550500,4181300,local
159,v,550500,14,550500,4181300,550500,4181400,local
160,v,550500,15,550500,4181400,550500,4181500,local
161,v,550500,16,550500,4181500,550500,4181600,local
162,v,550500,17,550500,4181600,550500,4181700,local
163,v,550500,18,550500,4181700,550500,4181800,local
164,v,550500,19,550500,4181800,550500,4181900,local
165,v,550500,20,550500,4181900,550500,4182000,local
166,v,550500,21,550500,4182000,550500,4182100,local
167,v,550500,22,550500,4182100,550500,4182200,local
168,v,550500,23,550500,4182200,550500,4182300,local
169,v,550500,24,550500,4182300,550500,4182400,local
170,v,550500,25,550500,4182400,550500,4182500,local
171,v,550500,26,550500,4182500,550500,4182600,local
172,v,550500,27,550500,4182600,550500,4182700,local
173,v,550500,28,550500,4182700,550500,4182800,local
174,v,550500,29,550500,4182800,550500,4182900,local
175,v,550600,1,550600,4180000,550600,4180100,local
176,v,550600,2,550600,4180100,550600,4180200,local
177,v,550600,3,550600,4180200,550600,4180300,local
178,v,550600,4,550600,4180300,550600,4180400,local
179,v,550600,5,550600,4180400,550600,4180500,local
180,v,550600,6,550600,4180500,550600,4180600,local
181,v,550600,7,550600,4180600,550600,4180700,local
182,v,550600,8,550600,4180700,550600,4180800,local
183,v,550600,9,550600,4180800,550600,4180900,local
184,v,550600,10,550600,4180900,550600,4181000,local
185,v,550600,11,550600,4181000,550600,4181100,local
186,v,550600,12,550600,4181100,550600,4181200,local
187,v,550600,13,550600,4181200,550600,4181300,local
188,v,550600,14,550600,4181300,550600,4181400,local
189,v,550600,15,550600,4181400,550600,4181500,local
190,v,550600,16,550600,4181500,550600,4181600,local
191,v,550600,17,550600,4181600,550600,4181700,local
192,v,550600,18,550600,4181700,550600,4181800,local
193,v,550600,19,550600,4181800,550600,4181900,local
194,v,550600,20,550600,4181900,550600,4182000,local
195,v,550600,21,550600,4182000,550600,4182100,local
196,v,550600,22,550600,4182100,550600,4182200,local
197,v,550600,23,550600,4182200,550600,4182300,local
198,v,550600,24,550600,4182300,550600,4182400,local
199,v,550600,25,550600,4182400,550600,4182500,local
200,v,550600,26,550600,4182500,550600,4182600,local
201,v,550600,27,550600,4182600,550600,4182700,local
202,v,550600,28,550600,4182700,550600,4182800,local
203,v,550600,29,550600,4182800,550600,4182900,local
204,v,550700,1,550700,4180000,550700,4180100,arterial
205,v,550700,2,550700,4180100,550700,4180200,arterial
206,v,550700,3,550700,4180200,550700,4180300,arterial
207,v,550700,4,550700,4180300,550700,4180400,arterial
208,v,550700,5,550700,4180400,550700,4180500,arterial
209,v,550700,6,550700,4180500,550700,4180600,arterial
210,v,550700,7,550700,4180600,550700,4180700,arterial
211,v,550700,8,550700,4180700,550700,4180800,arterial
212,v,550700,9,550700,4180800,550700,4180900,arterial
213,v,550700,10,550700,4180900,550700,4181000,arterial
214,v,550700,11,550700,4181000,550700,4181100,arterial
215,v,550700,12,550700,4181100,550700,4181200,arterial
216,v,550700,13,550700,4181200,550700,4181300,arterial
217,v,550700,14,550700,4181300,550700,4181400,arterial
218,v,550700,15,550700,4181400,550700,4181500,arterial
219,v,550700,16,550700,4181500,550700,4181600,arterial
220,v,550700,17,550700,4181600,550700,4181700,arterial
221,v,550700,18,550700,4181700,550700,4181800,arterial
222,v,550700,19,550700,4181800,550700,4181900,arterial
223,v,550700,20,550700,4181900,550700,4182000,arterial
224,v,550700,21,550700,4182000,550700,4182100,arterial
225,v,550700,22,550700,4182100,550700,4182200,arterial
226,v,550700,23,550700,4182200,550700,4182300,arterial
227,v,550700,24,550700,4182300,550700,4182400,arterial
228,v,550700,25,550700,4182400,550700,4182500,arterial
229,v,550700,26,550700,4182500,550700,4182600,arterial
230,v,550700,27,550700,4182600,550700,4182700,arterial
231,v,550700,28,550700,4182700,550700,4182800,arterial
232,v,550700,29,550700,4182800,550700,4182900,arterial
233,v,550800,1,550800,4180000,550800,4180100,local
234,v,550800,2,550800,4180100,550800,4180200,local
235,v,550800,3,550800,4180200,550800,4180300,local
236,v,550800,4,550800,4180300,550800,4180400,local
237,v,550800,5,550800,4180400,550800,4180500,local
238,v,550800,6,550800,4180500,550800,4180600,local
239,v,550800,7,550800,4180600,550800,4180700,local
240,v,550800,8,550800,4180700,550800,4180800,local
241,v,550800,9,550800,4180800,550800,4180900,local
242,v,550800,10,550800,4180900,550800,4181000,local
243,v,550800,11,550800,4181000,550800,4181100,local
244,v,550800,12,550800,4181100,550800,4181200,local
245,v,550800,13,550800,4181200,550800,4181300,local
246,v,550800,14,550800,4181300,550800,4181400,local
247,v,550800,15,550800,4181400,550800,4181500,local
248,v,550800,16,550800,4181500,550800,4181600,local
249,v,550800,17,550800,4181600,550800,4181700,local
250,v,550800,18,550800,4181700,550800,4181800,local
251,v,550800,19,550800,4181800,550800,4181900,local
252,v,550800,20,550800,4181900,550800,4182000,local
253,v,550800,21,550800,4182000,550800,4182100,local
254,v,550800,22,550800,4182100,550800,4182200,local
255,v,550800,23,550800,4182200,550800,4182300,local
256,v,550800,24,550800,4182300,550800,4182400,local
257,v,550800,25,550800,4182400,550800,4182500,local
258,v,550800,26,550800,4182500,550800,4182600,local
259,v,550800,27,550800,4182600,550800,4182700,local
260,v,550800,28,550800,4182700,550800,4182800,local
261,v,550800,29,550800,4182800,550800,4182900,local
262,v,550900,1,550900,4180000,550900,4180100,local
263,v,550900,2,550900,4180100,550900,4180200,local
264,v,550900,3,550900,4180200,550900,4180300,local
265,v,550900,4,550900,4180300,550900,4180400,local
266,v,550900,5,550900,4180400,550900,4180500,local
267,v,550900,6,550900,4180500,550900,4180600,local
268,v,550900,7,550900,4180600,550900,4180700,local
269,v,550900,8,550900,4180700,550900,4180800,local
270,v,550900,9,550900,4180800,550900,4180900,local
271,v,550900,10,550900,4180900,550900,4181000,local
272,v,550900,11,550900,4181000,550900,4181100,local
273,v,550900,12,550900,4181100,550900,4181200,local
274,v,550900,13,550900,4181200,550900,4181300,local
275,v,550900,14,550900,4181300,550900,4181400,local
276,v,550900,15,550900,4181400,550900,4181500,local
277,v,550900,16,550900,4181500,550900,4181600,local
278,v,550900,17,550900,4181600,550900,4181700,local
279,v,550900,18,550900,4181700,550900,4181800,local
280,v,550900,19,550900,4181800,550900,4181900,local
281,v,550900,20,550900,4181900,550900,4182000,local
282,v,550900,21,550900,4182000,550900,4182100,local
283,v,550900,22,550900,4182100,550900,4182200,local
284,v,550900,23,550900,4182200,550900,4182300,local
285,v,550900,24,550900,4182300,550900,4182400,local
286,v,550900,25,550900,4182400,550900,4182500,local
287,v,550900,26,550900,4182500,550900,4182600,local
288,v,550900,27,550900,4182600,550900,4182700,local
289,v,550900,28,550900,4182700,550900,4182800,local
290,v,550900,29,550900,4182800,550900,4182900,local
291,v,551000,1,551000,4180000,551000,4180100,local
292,v,551000,2,551000,4180100,551000,4180200,local
293,v,551000,3,551000,4180200,551000,4180300,local
294,v,551000,4,551000,4180300,551000,4180400,local
295,v,551000,5,551000,4180400,551000,4180500,local
296,v,551000,6,551000,4180500,551000,4180600,local
297,v,551000,7,551000,4180600,551000,4180700,local
298,v,551000,8,551000,4180700,551000,4180800,local
299,v,551000,9,551000,4180800,551000,4180900,local
300,v,551000,10,551000,4180900,551000,4181000,local
301,v,551000,11,551000,4181000,551000,4181100,local
302,v,551000,12,551000,4181100,551000,4181200,local
303,v,551000,13,551000,4181200,551000,4181300,local
304,v,551000,14,551000,4181300,551000,4181400,local
305,v,551000,15,551000,4181400,551000,4181500,local
306,v,551000,16,551000,4181500,551000,4181600,local
307,v,551000,17,551000,4181600,551000,4181700,local
308,v,551000,18,551000,4181700,551000,4181800,local
309,v,551000,19,551000,4181800,551000,4181900,local
310,v,551000,20,551000,4181900,551000,4182000,local
311,v,551000,21,551000,4182000,551000,4182100,local
312,v,551000,22,551000,4182100,551000,4182200,local
313,v,551000,23,551000,4182200,551000,4182300,local
314,v,551000,24,551000,4182300,551000,4182400,local
315,v,551000,25,551000,4182400,551000,4182500,local
316,v,551000,26,551000,4182500,551000,4182600,local
317,v,551000,27,551000,4182600,551000,4182700,local
318,v,551000,28,551000,4182700,551000,4182800,local
319,v,551000,29,551000,4182800,551000,4182900,local
320,v,551100,1,551100,4180000,551100,4180100,local
321,v,551100,2,551100,4180100,551100,4180200,local
322,v,551100,3,551100,4180200,551100,4180300,local
323,v,551100,4,551100,4180300,551100,4180400,local
324,v,551100,5,551100,4180400,551100,4180500,local
325,v,551100,6,551100,4180500,551100,4180600,local
326,v,551100,7,551100,4180600,551100,4180700,local
327,v,551100,8,551100,4180700,551100,4180800,local
328,v,551100,9,551100,4180800,551100,4180900,local
329,v,551100,10,551100,4180900,551100,4181000,local
330,v,551100,11,551100,4181000,551100,4181100,local
331,v,551100,12,551100,4181100,551100,4181200,local
332,v,551100,13,551100,4181200,551100,4181300,local
333,v,551100,14,551100,4181300,551100,4181400,local
334,v,551100,15,551100,4181400,551100,4181500,local
335,v,551100,16,551100,4181500,551100,4181600,local
336,v,551100,17,551100,4181600,551100,4181700,local
337,v,551100,18,551100,4181700,551100,4181800,local
338,v,551100,19,551100,4181800,551100,4181900,local
339,v,551100,20,551100,4181900,551100,4182000,local
340,v,551100,21,551100,4182000,551100,4182100,local
341,v,551100,22,551100,4182100,551100,4182200,local
342,v,551100,23,551100,4182200,551100,4182300,local
343,v,551100,24,551100,4182300,551100,4182400,local
344,v,551100,25,551100,4182400,551100,4182500,local
345,v,551100,26,551100,4182500,551100,4182600,local
346,v,551100,27,551100,4182600,551100,4182700,local
347,v,551100,28,551100,4182700,551100,4182800,local
348,v,551100,29,551100,4182800,551100,4182900,local
349,v,551200,1,551200,4180000,551200,4180100,local
350,v,551200,2,551200,4180100,551200,4180200,local
351,v,551200,3,551200,4180200,551200,4180300,local
352,v,551200,4,551200,4180300,551200,4180400,local
353,v,551200,5,551200,4180400,551200,4180500,local
354,v,551200,6,551200,4180500,551200,4180600,local
355,v,551200,7,551200,4180600,551200,4180700,local
356,v,551200,8,551200,4180700,551200,4180800,local
357,v,551200,9,551200,4180800,551200,4180900,local
358,v,551200,10,551200,4180900,551200,4181000,local
359,v,551200,11,551200,4181000,551200,4181100,local
360,v,551200,12,551200,4181100,551200,4181200,local
361,v,551200,13,551200,4181200,551200,4181300,local
362,v,551200,14,551200,4181300,551200,4181400,local
363,v,551200,15,551200,4181400,551200,4181500,local
364,v,551200,16,551200,4181500,551200,4181600,local
365,v,551200,17,551200,4181600,551200,4181700,local
366,v,551200,18,551200,4181700,551200,4181800,local
367,v,551200,19,551200,4181800,551200,4181900,local
368,v,551200,20,551200,4181900,551200,4182000,local
369,v,551200,21,551200,4182000,551200,4182100,local
370,v,551200,22,551200,4182100,551200,4182200,local
371,v,551200,23,551200,4182200,551200,4182300,local
372,v,551200,24,551200,4182300,551200,4182400,local
373,v,551200,25,551200,4182400,551200,4182500,local
374,v,551200,26,551200,4182500,551200,4182600,local
375,v,551200,27,551200,4182600,551200,4182700,local
376,v,551200,28,551200,4182700,551200,4182800,local
377,v,551200,29,551200,4182800,551200,4182900,local
378,v,551300,1,551300,4180000,551300,4180100,local
379,v,551300,2,551300,4180100,551300,4180200,local
380,v,551300,3,551300,4180200,551300,4180300,local
381,v,551300,4,551300,4180300,551300,4180400,local
382,v,551300,5,551300,4180400,551300,4180500,local
383,v,551300,6,551300,4180500,551300,4180600,local
384,v,551300,7,551300,4180600,551300,4180700,local
385,v,551300,8,551300,4180700,551300,4180800,local
386,v,551300,9,551300,4180800,551300,4180900,local
387,v,551300,10,551300,4180900,551300,4181000,local
388,v,551300,11,551300,4181000,551300,4181100,local
389,v,551300,12,551300,4181100,551300,4181200,local
390,v,551300,13,551300,4181200,551300,4181300,local
391,v,551300,14,551300,4181300,551300,4181400,local
392,v,551300,15,551300,4181400,551300,4181500,local
393,v,551300,16,551300,4181500,551300,4181600,local
394,v,551300,17,551300,4181600,551300,4181700,local
395,v,551300,18,551300,4181700,551300,4181800,local
396,v,551300,19,551300,4181800,551300,4181900,local
397,v,551300,20,551300,4181900,551300,4182000,local
398,v,551300,21,551300,4182000,551300,4182100,local
399,v,551300,22,551300,4182100,551300,4182200,local
400,v,551300,23,551300,4182200,551300,4182300,local
401,v,551300,24,551300,4182300,551300,4182400,local
402,v,551300,25,551300,4182400,551300,4182500,local
403,v,551300,26,551300,4182500,551300,4182600,local
404,v,551300,27,551300,4182600,551300,4182700,local
405,v,551300,28,551300,4182700,551300,4182800,local
406,v,551300,29,551300,4182800,551300,4182900,local
407,v,551400,1,551400,4180000,551400,4180100,collector
408,v,551400,2,551400,4180100,551400,4180200,collector
409,v,551400,3,551400,4180200,551400,4180300,collector
410,v,551400,4,551400,4180300,551400,4180400,collector
411,v,551400,5,551400,4180400,551400,4180500,collector
412,v,551400,6,551400,4180500,551400,4180600,collector
413,v,551400,7,551400,4180600,551400,4180700,collector
414,v,551400,8,551400,4180700,551400,4180800,collector
415,v,551400,9,551400,4180800,551400,4180900,collector
416,v,551400,10,551400,4180900,551400,4181000,collector
417,v,551400,11,551400,4181000,551400,4181100,collector
418,v,551400,12,551400,4181100,551400,4181200,collector
419,v,551400,13,551400,4181200,551400,4181300,collector
420,v,551400,14,551400,4181300,551400,4181400,collector
421,v,551400,15,551400,4181400,551400,4181500,collector
422,v,551400,16,551400,4181500,551400,4181600,collector
423,v,551400,17,551400,4181600,551400,4181700,collector
424,v,551400,18,551400,4181700,551400,4181800,collector
425,v,551400,19,551400,4181800,551400,4181900,collector
426,v,551400,20,551400,4181900,551400,4182000,collector
427,v,551400,21,551400,4182000,551400,4182100,collector
428,v,551400,22,551400,4182100,551400,4182200,collector
429,v,551400,23,551400,4182200,551400,4182300,collector
430,v,551400,24,551400,4182300,551400,4182400,collector
431,v,551400,25,551400,4182400,551400,4182500,collector
432,v,551400,26,551400,4182500,551400,4182600,collector
433,v,551400,27,551400,4182600,551400,4182700,collector
434,v,551400,28,551400,4182700,551400,4182800,collector
435,v,551400,29,551400,4182800,551400,4182900,collector
436,v,551500,1,551500,4180000,551500,4180100,local
437,v,551500,2,551500,4180100,551500,4180200,local
438,v,551500,3,551500,4180200,551500,4180300,local
439,v,551500,4,551500,4180300,551500,4180400,local
440,v,551500,5,551500,4180400,551500,4180500,local
441,v,551500,6,551500,4180500,551500,4180600,local
442,v,551500,7,551500,4180600,551500,4180700,local
443,v,551500,8,551500,4180700,551500,4180800,local
444,v,551500,9,551500,4180800,551500,4180900,local
445,v,551500,10,551500,4180900,551500,4181000,local
446,v,551500,11,551500,4181000,551500,4181100,local
447,v,551500,12,551500,4181100,551500,4181200,local
448,v,551500,13,551500,4181200,551500,4181300,local
449,v,551500,14,551500,4181300,551500,4181400,local
450,v,551500,15,551500,4181400,551500,4181500,local
451,v,551500,16,551500,4181500,551500,4181600,local
452,v,551500,17,551500,4181600,551500,4181700,local
453,v,551500,18,551500,4181700,551500,4181800,local
454,v,551500,19,551500,4181800,551500,4181900,local
455,v,551500,20,551500,4181900,551500,4182000,local
456,v,551500,21,551500,4182000,551500,4182100,local
457,v,551500,22,551500,4182100,551500,4182200,local
458,v,551500,23,551500,4182200,551500,4182300,local
459,v,551500,24,551500,4182300,551500,4182400,local
460,v,551500,25,551500,4182400,551500,4182500,local
461,v,551500,26,551500,4182500,551500,4182600,local
462,v,551500,27,551500,4182600,551500,4182700,local
463,v,551500,28,551500,4182700,551500,4182800,local
464,v,551500,29,551500,4182800,551500,4182900,local
465,v,551600,1,551600,4180000,551600,4180100,local
466,v,551600,2,551600,4180100,551600,4180200,local
467,v,551600,3,551600,4180200,551600,4180300,local
468,v,551600,4,551600,4180300,551600,4180400,local
469,v,551600,5,551600,4180400,551600,4180500,local
470,v,551600,6,551600,4180500,551600,4180600,local
471,v,551600,7,551600,4180600,551600,4180700,local
472,v,551600,8,551600,4180700,551600,4180800,local
473,v,551600,9,551600,4180800,551600,4180900,local
474,v,551600,10,551600,4180900,551600,4181000,local
475,v,551600,11,551600,4181000,551600,4181100,local
476,v,551600,12,551600,4181100,551600,4181200,local
477,v,551600,13,551600,4181200,551600,4181300,local
478,v,551600,14,551600,4181300,551600,4181400,local
479,v,551600,15,551600,4181400,551600,4181500,local
480,v,551600,16,551600,4181500,551600,4181600,local
481,v,551600,17,551600,4181600,551600,4181700,local
482,v,551600,18,551600,4181700,551600,4181800,local
483,v,551600,19,551600,4181800,551600,4181900,local
484,v,551600,20,551600,4181900,551600,4182000,local
485,v,551600,21,551600,4182000,551600,4182100,local
486,v,551600,22,551600,4182100,551600,4182200,local
487,v,551600,23,551600,4182200,551600,4182300,local
488,v,551600,24,551600,4182300,551600,4182400,local
489,v,551600,25,551600,4182400,551600,4182500,local
490,v,551600,26,551600,4182500,551600,4182600,local
491,v,551600,27,551600,4182600,551600,4182700,local
492,v,551600,28,551600,4182700,551600,4182800,local
493,v,551600,29,551600,4182800,551600,4182900,local
494,v,551700,1,551700,4180000,551700,4180100,local
495,v,551700,2,551700,4180100,551700,4180200,local
496,v,551700,3,551700,4180200,551700,4180300,local
497,v,551700,4,551700,4180300,551700,4180400,local
498,v,551700,5,551700,4180400,551700,4180500,local
499,v,551700,6,551700,4180500,551700,4180600,local
500,v,551700,7,551700,4180600,551700,4180700,local
501,v,551700,8,551700,4180700,551700,4180800,local
502,v,551700,9,551700,4180800,551700,4180900,local
503,v,551700,10,551700,4180900,551700,4181000,local
504,v,551700,11,551700,4181000,551700,4181100,local
505,v,551700,12,551700,4181100,551700,4181200,local
506,v,551700,13,551700,4181200,551700,4181300,local
507,v,551700,14,551700,4181300,551700,4181400,local
508,v,551700,15,551700,4181400,551700,4181500,local
509,v,551700,16,551700,4181500,551700,4181600,local
510,v,551700,17,551700,4181600,551700,4181700,local
511,v,551700,18,551700,4181700,551700,4181800,local
512,v,551700,19,551700,4181800,551700,4181900,local
513,v,551700,20,551700,4181900,551700,4182000,local
514,v,551700,21,551700,4182000,551700,4182100,local
515,v,551700,22,551700,4182100,551700,4182200,local
516,v,551700,23,551700,4182200,551700,4182300,local
517,v,551700,24,551700,4182300,551700,4182400,local
518,v,551700,25,551700,4182400,551700,4182500,local
519,v,551700,26,551700,4182500,551700,4182600,local
520,v,551700,27,551700,4182600,551700,4182700,local
521,v,551700,28,551700,4182700,551700,4182800,local
522,v,551700,29,551700,4182800,551700,4182900,local
523,v,551800,1,551800,4180000,551800,4180100,local
524,v,551800,2,551800,4180100,551800,4180200,local
525,v,551800,3,551800,4180200,551800,4180300,local
526,v,551800,4,551800,4180300,551800,4180400,local
527,v,551800,5,551800,4180400,551800,4180500,local
528,v,551800,6,551800,4180500,551800,4180600,local
529,v,551800,7,551800,4180600,551800,4180700,local
530,v,551800,8,551800,4180700,551800,4180800,local
531,v,551800,9,551800,4180800,551800,4180900,local
532,v,551800,10,551800,4180900,551800,4181000,local
533,v,551800,11,551800,4181000,551800,4181100,local
534,v,551800,12,551800,4181100,551800,4181200,local
535,v,551800,13,551800,4181200,551800,4181300,local
536,v,551800,14,551800,4181300,551800,4181400,local
537,v,551800,15,551800,4181400,551800,4181500,local
538,v,551800,16,551800,4181500,551800,4181600,local
539,v,551800,17,551800,4181600,551800,4181700,local
540,v,551800,18,551800,4181700,551800,4181800,local
541,v,551800,19,551800,4181800,551800,4181900,local
542,v,551800,20,551800,4181900,551800,4182000,local
543,v,551800,21,551800,4182000,551800,4182100,local
544,v,551800,22,551800,4182100,551800,4182200,local
545,v,551800,23,551800,4182200,551800,4182300,local
546,v,551800,24,551800,4182300,551800,4182400,local
547,v,551800,25,551800,4182400,551800,4182500,local
548,v,551800,26,551800,4182500,551800,4182600,local
549,v,551800,27,551800,4182600,551800,4182700,local
550,v,551800,28,551800,4182700,551800,4182800,local
551,v,551800,29,551800,4182800,551800,4182900,local
552,v,551900,1,551900,4180000,551900,4180100,local
553,v,551900,2,551900,4180100,551900,4180200,local
554,v,551900,3,551900,4180200,551900,4180300,local
555,v,551900,4,551900,4180300,551900,4180400,local
556,v,551900,5,551900,4180400,551900,4180500,local
557,v,551900,6,551900,4180500,551900,4180600,local
558,v,551900,7,551900,4180600,551900,4180700,local
559,v,551900,8,551900,4180700,551900,4180800,local
560,v,551900,9,551900,4180800,551900,4180900,local
561,v,551900,10,551900,4180900,551900,4181000,local
562,v,551900,11,551900,4181000,551900,4181100,local
563,v,551900,12,551900,4181100,551900,4181200,local
564,v,551900,13,551900,4181200,551900,4181300,local
565,v,551900,14,551900,4181300,551900,4181400,local
566,v,551900,15,551900,4181400,551900,4181500,local
567,v,551900,16,551900,4181500,551900,4181600,local
568,v,551900,17,551900,4181600,551900,4181700,local
569,v,551900,18,551900,4181700,551900,4181800,local
570,v,551900,19,551900,4181800,551900,4181900,local
571,v,551900,20,551900,4181900,551900,4182000,local
572,v,551900,21,551900,4182000,551900,4182100,local
573,v,551900,22,551900,4182100,551900,4182200,local
574,v,551900,23,551900,4182200,551900,4182300,local
575,v,551900,24,551900,4182300,551900,4182400,local
576,v,551900,25,551900,4182400,551900,4182500,local
577,v,551900,26,551900,4182500,551900,4182600,local
578,v,551900,27,551900,4182600,551900,4182700,local
579,v,551900,28,551900,4182700,551900,4182800,local
580,v,551900,29,551900,4182800,551900,4182900,local
581,v,552000,1,552000,4180000,552000,4180100,local
582,v,552000,2,552000,4180100,552000,4180200,local
583,v,552000,3,552000,4180200,552000,4180300,local
584,v,552000,4,552000,4180300,552000,4180400,local
585,v,552000,5,552000,4180400,552000,4180500,local
586,v,552000,6,552000,4180500,552000,4180600,local
587,v,552000,7,552000,4180600,552000,4180700,local
588,v,552000,8,552000,4180700,552000,4180800,local
589,v,552000,9,552000,4180800,552000,4180900,local
590,v,552000,10,552000,4180900,552000,4181000,local
591,v,552000,11,552000,4181000,552000,4181100,local
592,v,552000,12,552000,4181100,552000,4181200,local
593,v,552000,13,552000,4181200,552000,4181300,local
594,v,552000,14,552000,4181300,552000,4181400,local
595,v,552000,15,552000,4181400,552000,4181500,local
596,v,552000,16,552000,4181500,552000,4181600,local
597,v,552000,17,552000,4181600,552000,4181700,local
598,v,552000,18,552000,4181700,552000,4181800,local
599,v,552000,19,552000,4181800,552000,4181900,local
600,v,552000,20,552000,4181900,552000,4182000,local
601,v,552000,21,552000,4182000,552000,4182100,local
602,v,552000,22,552000,4182100,552000,4182200,local
603,v,552000,23,552000,4182200,552000,4182300,local
604,v,552000,24,552000,4182300,552000,4182400,local
605,v,552000,25,552000,4182400,552000,4182500,local
606,v,552000,26,552000,4182500,552000,4182600,local
607,v,552000,27,552000,4182600,552000,4182700,local
608,v,552000,28,552000,4182700,552000,4182800,local
609,v,552000,29,552000,4182800,552000,4182900,local
610,v,552100,1,552100,4180000,552100,4180100,collector
611,v,552100,2,552100,4180100,552100,4180200,collector
612,v,552100,3,552100,4180200,552100,4180300,collector
613,v,552100,4,552100,4180300,552100,4180400,collector
614,v,552100,5,552100,4180400,552100,4180500,collector
615,v,552100,6,552100,4180500,552100,4180600,collector
616,v,552100,7,552100,4180600,552100,4180700,collector
617,v,552100,8,552100,4180700,552100,4180800,collector
618,v,552100,9,552100,4180800,552100,4180900,collector
619,v,552100,10,552100,4180900,552100,4181000,collector
620,v,552100,11,552100,4181000,552100,4181100,collector
621,v,552100,12,552100,4181100,552100,4181200,collector
622,v,552100,13,552100,4181200,552100,4181300,collector
623,v,552100,14,552100,4181300,552100,4181400,collector
624,v,552100,15,552100,4181400,552100,4181500,collector
625,v,552100,16,552100,4181500,552100,4181600,collector
626,v,552100,17,552100,4181600,552100,4181700,collector
627,v,552100,18,552100,4181700,552100,4181800,collector
628,v,552100,19,552100,4181800,552100,4181900,collector
629,v,552100,20,552100,4181900,552100,4182000,collector
630,v,552100,21,552100,4182000,552100,4182100,collector
631,v,552100,22,552100,4182100,552100,4182200,collector
632,v,552100,23,552100,4182200,552100,4182300,collector
633,v,552100,24,552100,4182300,552100,4182400,collector
634,v,552100,25,552100,4182400,552100,4182500,collector
635,v,552100,26,552100,4182500,552100,4182600,collector
636,v,552100,27,552100,4182600,552100,4182700,collector
637,v,552100,28,552100,4182700,552100,4182800,collector
638,v,552100,29,552100,4182800,552100,4182900,collector
639,v,552200,1,552200,4180000,552200,4180100,local
640,v,552200,2,552200,4180100,552200,4180200,local
641,v,552200,3,552200,4180200,552200,4180300,local
642,v,552200,4,552200,4180300,552200,4180400,local
643,v,552200,5,552200,4180400,552200,4180500,local
644,v,552200,6,552200,4180500,552200,4180600,local
645,v,552200,7,552200,4180600,552200,4180700,local
646,v,552200,8,552200,4180700,552200,4180800,local
647,v,552200,9,552200,4180800,552200,4180900,local
648,v,552200,10,552200,4180900,552200,4181000,local
649,v,552200,11,552200,4181000,552200,4181100,local
650,v,552200,12,552200,4181100,552200,4181200,local
651,v,552200,13,552200,4181200,552200,4181300,local
652,v,552200,14,552200,4181300,552200,4181400,local
653,v,552200,15,552200,4181400,552200,4181500,local
654,v,552200,16,552200,4181500,552200,4181600,local
655,v,552200,17,552200,4181600,552200,4181700,local
656,v,552200,18,552200,4181700,552200,4181800,local
657,v,552200,19,552200,4181800,552200,4181900,local
658,v,552200,20,552200,4181900,552200,4182000,local
659,v,552200,21,552200,4182000,552200,4182100,local
660,v,552200,22,552200,4182100,552200,4182200,local
661,v,552200,23,552200,4182200,552200,4182300,local
662,v,552200,24,552200,4182300,552200,4182400,local
663,v,552200,25,552200,4182400,552200,4182500,local
664,v,552200,26,552200,4182500,552200,4182600,local
665,v,552200,27,552200,4182600,552200,4182700,local
666,v,552200,28,552200,4182700,552200,4182800,local
667,v,552200,29,552200,4182800,552200,4182900,local
668,v,552300,1,552300,4180000,552300,4180100,local
669,v,552300,2,552300,4180100,552300,4180200,local
670,v,552300,3,552300,4180200,552300,4180300,local
671,v,552300,4,552300,4180300,552300,4180400,local
672,v,552300,5,552300,4180400,552300,4180500,local
673,v,552300,6,552300,4180500,552300,4180600,local
674,v,552300,7,552300,4180600,552300,4180700,local
675,v,552300,8,552300,4180700,552300,4180800,local
676,v,552300,9,552300,4180800,552300,4180900,local
677,v,552300,10,552300,4180900,552300,4181000,local
678,v,552300,11,552300,4181000,552300,4181100,local
679,v,552300,12,552300,4181100,552300,4181200,local
680,v,552300,13,552300,4181200,552300,4181300,local
681,v,552300,14,552300,4181300,552300,4181400,local
682,v,552300,15,552300,4181400,552300,4181500,local
683,v,552300,16,552300,4181500,552300,4181600,local
684,v,552300,17,552300,4181600,552300,4181700,local
685,v,552300,18,552300,4181700,552300,4181800,local
686,v,552300,19,552300,4181800,552300,4181900,local
687,v,552300,20,552300,4181900,552300,4182000,local
688,v,552300,21,552300,4182000,552300,4182100,local
689,v,552300,22,552300,4182100,552300,4182200,local
690,v,552300,23,552300,4182200,552300,4182300,local
691,v,552300,24,552300,4182300,552300,4182400,local
692,v,552300,25,552300,4182400,552300,4182500,local
693,v,552300,26,552300,4182500,552300,4182600,local
694,v,552300,27,552300,4182600,552300,4182700,local
695,v,552300,28,552300,4182700,552300,4182800,local
696,v,552300,29,552300,4182800,552300,4182900,local
697,v,552400,1,552400,4180000,552400,4180100,local
698,v,552400,2,552400,4180100,552400,4180200,local
699,v,552400,3,552400,4180200,552400,4180300,local
700,v,552400,4,552400,4180300,552400,4180400,local
701,v,552400,5,552400,4180400,552400,4180500,local
702,v,552400,6,552400,4180500,552400,4180600,local
703,v,552400,7,552400,4180600,552400,4180700,local
704,v,552400,8,552400,4180700,552400,4180800,local
705,v,552400,9,552400,4180800,552400,4180900,local
706,v,552400,10,552400,4180900,552400,4181000,local
707,v,552400,11,552400,4181000,552400,4181100,local
708,v,552400,12,552400,4181100,552400,4181200,local
709,v,552400,13,552400,4181200,552400,4181300,local
710,v,552400,14,552400,4181300,552400,4181400,local
711,v,552400,15,552400,4181400,552400,4181500,local
712,v,552400,16,552400,4181500,552400,4181600,local
713,v,552400,17,552400,4181600,552400,4181700,local
714,v,552400,18,552400,4181700,552400,4181800,local
715,v,552400,19,552400,4181800,552400,4181900,local
716,v,552400,20,552400,4181900,552400,4182000,local
717,v,552400,21,552400,4182000,552400,4182100,local
718,v,552400,22,552400,4182100,552400,4182200,local
719,v,552400,23,552400,4182200,552400,4182300,local
720,v,552400,24,552400,4182300,552400,4182400,local
721,v,552400,25,552400,4182400,552400,4182500,local
722,v,552400,26,552400,4182500,552400,4182600,local
723,v,552400,27,552400,4182600,552400,4182700,local
724,v,552400,28,552400,4182700,552400,4182800,local
725,v,552400,29,552400,4182800,552400,4182900,local
726,v,552500,1,552500,4180000,552500,4180100,local
727,v,552500,2,552500,4180100,552500,4180200,local
728,v,552500,3,552500,4180200,552500,4180300,local
729,v,552500,4,552500,4180300,552500,4180400,local
730,v,552500,5,552500,4180400,552500,4180500,local
731,v,552500,6,552500,4180500,552500,4180600,local
732,v,552500,7,552500,4180600,552500,4180700,local
733,v,552500,8,552500,4180700,552500,4180800,local
734,v,552500,9,552500,4180800,552500,4180900,local
735,v,552500,10,552500,4180900,552500,4181000,local
736,v,552500,11,552500,4181000,552500,4181100,local
737,v,552500,12,552500,4181100,552500,4181200,local
738,v,552500,13,552500,4181200,552500,4181300,local
739,v,552500,14,552500,4181300,552500,4181400,local
740,v,552500,15,552500,4181400,552500,4181500,local
741,v,552500,16,552500,4181500,552500,4181600,local
742,v,552500,17,552500,4181600,552500,4181700,local
743,v,552500,18,552500,4181700,552500,4181800,local
744,v,552500,19,552500,4181800,552500,4181900,local
745,v,552500,20,552500,4181900,552500,4182000,local
746,v,552500,21,552500,4182000,552500,4182100,local
747,v,552500,22,552500,4182100,552500,4182200,local
748,v,552500,23,552500,4182200,552500,4182300,local
749,v,552500,24,552500,4182300,552500,4182400,local
750,v,552500,25,552500,4182400,552500,4182500,local
751,v,552500,26,552500,4182500,552500,4182600,local
752,v,552500,27,552500,4182600,552500,4182700,local
753,v,552500,28,552500,4182700,552500,4182800,local
754,v,552500,29,552500,4182800,552500,4182900,local
755,v,552600,1,552600,4180000,552600,4180100,local
756,v,552600,2,552600,4180100,552600,4180200,local
757,v,552600,3,552600,4180200,552600,4180300,local
758,v,552600,4,552600,4180300,552600,4180400,local
759,v,552600,5,552600,4180400,552600,4180500,local
760,v,552600,6,552600,4180500,552600,4180600,local
761,v,552600,7,552600,4180600,552600,4180700,local
762,v,552600,8,552600,4180700,552600,4180800,local
763,v,552600,9,552600,4180800,552600,4180900,local
764,v,552600,10,552600,4180900,552600,4181000,local
765,v,552600,11,552600,4181000,552600,4181100,local
766,v,552600,12,552600,4181100,552600,4181200,local
767,v,552600,13,552600,4181200,552600,4181300,local
768,v,552600,14,552600,4181300,552600,4181400,local
769,v,552600,15,552600,4181400,552600,4181500,local
770,v,552600,16,552600,4181500,552600,4181600,local
771,v,552600,17,552600,4181600,552600,4181700,local
772,v,552600,18,552600,4181700,552600,4181800,local
773,v,552600,19,552600,4181800,552600,4181900,local
774,v,552600,20,552600,4181900,552600,4182000,local
775,v,552600,21,552600,4182000,552600,4182100,local
776,v,552600,22,552600,4182100,552600,4182200,local
777,v,552600,23,552600,4182200,552600,4182300,local
778,v,552600,24,552600,4182300,552600,4182400,local
779,v,552600,25,552600,4182400,552600,4182500,local
780,v,552600,26,552600,4182500,552600,4182600,local
781,v,552600,27,552600,4182600,552600,4182700,local
782,v,552600,28,552600,4182700,552600,4182800,local
783,v,552600,29,552600,4182800,552600,4182900,local
784,v,552700,1,552700,4180000,552700,4180100,local
785,v,552700,2,552700,4180100,552700,4180200,local
786,v,552700,3,552700,4180200,552700,4180300,local
787,v,552700,4,552700,4180300,552700,4180400,local
788,v,552700,5,552700,4180400,552700,4180500,local
789,v,552700,6,552700,4180500,552700,4180600,local
790,v,552700,7,552700,4180600,552700,4180700,local
791,v,552700,8,552700,4180700,552700,4180800,local
792,v,552700,9,552700,4180800,552700,4180900,local
793,v,552700,10,552700,4180900,552700,4181000,local
794,v,552700,11,552700,4181000,552700,4181100,local
795,v,552700,12,552700,4181100,552700,4181200,local
796,v,552700,13,552700,4181200,552700,4181300,local
797,v,552700,14,552700,4181300,552700,4181400,local
798,v,552700,15,552700,4181400,552700,4181500,local
799,v,552700,16,552700,4181500,552700,4181600,local
800,v,552700,17,552700,4181600,552700,4181700,local
801,v,552700,18,552700,4181700,552700,4181800,local
802,v,552700,19,552700,4181800,552700,4181900,local
803,v,552700,20,552700,4181900,552700,4182000,local
804,v,552700,21,552700,4182000,552700,4182100,local
805,v,552700,22,552700,4182100,552700,4182200,local
806,v,552700,23,552700,4182200,552700,4182300,local
807,v,552700,24,552700,4182300,552700,4182400,local
808,v,552700,25,552700,4182400,552700,4182500,local
809,v,552700,26,552700,4182500,552700,4182600,local
810,v,552700,27,552700,4182600,552700,4182700,local
811,v,552700,28,552700,4182700,552700,4182800,local
812,v,552700,29,552700,4182800,552700,4182900,local
813,v,552800,1,552800,4180000,552800,4180100,local
814,v,552800,2,552800,4180100,552800,4180200,local
815,v,552800,3,552800,4180200,552800,4180300,local
816,v,552800,4,552800,4180300,552800,4180400,local
817,v,552800,5,552800,4180400,552800,4180500,local
818,v,552800,6,552800,4180500,552800,4180600,local
819,v,552800,7,552800,4180600,552800,4180700,local
820,v,552800,8,552800,4180700,552800,4180800,local
821,v,552800,9,552800,4180800,552800,4180900,local
822,v,552800,10,552800,4180900,552800,4181000,local
823,v,552800,11,552800,4181000,552800,4181100,local
824,v,552800,12,552800,4181100,552800,4181200,local
825,v,552800,13,552800,4181200,552800,4181300,local
826,v,552800,14,552800,4181300,552800,4181400,local
827,v,552800,15,552800,4181400,552800,4181500,local
828,v,552800,16,552800,4181500,552800,4181600,local
829,v,552800,17,552800,4181600,552800,4181700,local
830,v,552800,18,552800,4181700,552800,4181800,local
831,v,552800,19,552800,4181800,552800,4181900,local
832,v,552800,20,552800,4181900,552800,4182000,local
833,v,552800,21,552800,4182000,552800,4182100,local
834,v,552800,22,552800,4182100,552800,4182200,local
835,v,552800,23,552800,4182200,552800,4182300,local
836,v,552800,24,552800,4182300,552800,4182400,local
837,v,552800,25,552800,4182400,552800,4182500,local
838,v,552800,26,552800,4182500,552800,4182600,local
839,v,552800,27,552800,4182600,552800,4182700,local
840,v,552800,28,552800,4182700,552800,4182800,local
841,v,552800,29,552800,4182800,552800,4182900,local
842,v,552900,1,552900,4180000,552900,4180100,local
843,v,552900,2,552900,4180100,552900,4180200,local
844,v,552900,3,552900,4180200,552900,4180300,local
845,v,552900,4,552900,4180300,552900,4180400,local
846,v,552900,5,552900,4180400,552900,4180500,local
847,v,552900,6,552900,4180500,552900,4180600,local
848,v,552900,7,552900,4180600,552900,4180700,local
849,v,552900,8,552900,4180700,552900,4180800,local
850,v,552900,9,552900,4180800,552900,4180900,local
851,v,552900,10,552900,4180900,552900,4181000,local
852,v,552900,11,552900,4181000,552900,4181100,local
853,v,552900,12,552900,4181100,552900,4181200,local
854,v,552900,13,552900,4181200,552900,4181300,local
855,v,552900,14,552900,4181300,552900,4181400,local
856,v,552900,15,552900,4181400,552900,4181500,local
857,v,552900,16,552900,4181500,552900,4181600,local
858,v,552900,17,552900,4181600,552900,4181700,local
859,v,552900,18,552900,4181700,552900,4181800,local
860,v,552900,19,552900,4181800,552900,4181900,local
861,v,552900,20,552900,4181900,552900,4182000,local
862,v,552900,21,552900,4182000,552900,4182100,local
863,v,552900,22,552900,4182100,552900,4182200,local
864,v,552900,23,552900,4182200,552900,4182300,local
865,v,552900,24,552900,4182300,552900,4182400,local
866,v,552900,25,552900,4182400,552900,4182500,local
867,v,552900,26,552900,4182500,552900,4182600,local
868,v,552900,27,552900,4182600,552900,4182700,local
869,v,552900,28,552900,4182700,552900,4182800,local
870,v,552900,29,552900,4182800,552900,4182900,local
871,h,4180000,1,550000,4180000,550100,4180000,local
872,h,4180000,2,550100,4180000,550200,4180000,local
873,h,4180000,3,550200,4180000,550300,4180000,local
874,h,4180000,4,550300,4180000,550400,4180000,local
875,h,4180000,5,550400,4180000,550500,4180000,local
876,h,4180000,6,550500,4180000,550600,4180000,local
877,h,4180000,7,550600,4180000,550700,4180000,local
878,h,4180000,8,550700,4180000,550800,4180000,local
879,h,4180000,9,550800,4180000,550900,4180000,local
880,h,4180000,10,550900,4180000,551000,4180000,local
881,h,4180000,11,551000,4180000,551100,4180000,local
882,h,4180000,12,551100,4180000,551200,4180000,local
883,h,4180000,13,551200,4180000,551300,4180000,local
884,h,4180000,14,551300,4180000,551400,4180000,local
885,h,4180000,15,551400,4180000,551500,4180000,local
886,h,4180000,16,551500,4180000,551600,4180000,local
887,h,4180000,17,551600,4180000,551700,4180000,local
888,h,4180000,18,551700,4180000,551800,4180000,local
889,h,4180000,19,551800,4180000,551900,4180000,local
890,h,4180000,20,551900,4180000,552000,4180000,local
891,h,4180000,21,552000,4180000,552100,4180000,local
892,h,4180000,22,552100,4180000,552200,4180000,local
893,h,4180000,23,552200,4180000,552300,4180000,local
894,h,4180000,24,552300,4180000,552400,4180000,local
895,h,4180000,25,552400,4180000,552500,4180000,local
896,h,4180000,26,552500,4180000,552600,4180000,local
897,h,4180000,27,552600,4180000,552700,4180000,local
898,h,4180000,28,552700,4180000,552800,4180000,local
899,h,4180000,29,552800,4180000,552900,4180000,local
900,h,4180100,1,550000,4180100,550100,4180100,local
901,h,4180100,2,550100,4180100,550200,4180100,local
902,h,4180100,3,550200,4180100,550300,4180100,local
903,h,4180100,4,550300,4180100,550400,4180100,local
904,h,4180100,5,550400,4180100,550500,4180100,local
905,h,4180100,6,550500,4180100,550600,4180100,local
906,h,4180100,7,550600,4180100,550700,4180100,local
907,h,4180100,8,550700,4180100,550800,4180100,local
908,h,4180100,9,550800,4180100,550900,4180100,local
909,h,4180100,10,550900,4180100,551000,4180100,local
910,h,4180100,11,551000,4180100,551100,4180100,local
911,h,4180100,12,551100,4180100,551200,4180100,local
912,h,4180100,13,551200,4180100,551300,4180100,local
913,h,4180100,14,551300,4180100,551400,4180100,local
914,h,4180100,15,551400,4180100,551500,4180100,local
915,h,4180100,16,551500,4180100,551600,4180100,local
916,h,4180100,17,551600,4180100,551700,4180100,local
917,h,4180100,18,551700,4180100,551800,4180100,local
918,h,4180100,19,551800,4180100,551900,4180100,local
919,h,4180100,20,551900,4180100,552000,4180100,local
920,h,4180100,21,552000,4180100,552100,4180100,local
921,h,4180100,22,552100,4180100,552200,4180100,local
922,h,4180100,23,552200,4180100,552300,4180100,local
923,h,4180100,24,552300,4180100,552400,4180100,local
924,h,4180100,25,552400,4180100,552500,4180100,local
925,h,4180100,26,552500,4180100,552600,4180100,local
926,h,4180100,27,552600,4180100,552700,4180100,local
927,h,4180100,28,552700,4180100,552800,4180100,local
928,h,4180100,29,552800,4180100,552900,4180100,local
929,h,4180200,1,550000,4180200,550100,4180200,local
930,h,4180200,2,550100,4180200,550200,4180200,local
931,h,4180200,3,550200,4180200,550300,4180200,local
932,h,4180200,4,550300,4180200,550400,4180200,local
933,h,4180200,5,550400,4180200,550500,4180200,local
934,h,4180200,6,550500,4180200,550600,4180200,local
935,h,4180200,7,550600,4180200,550700,4180200,local
936,h,4180200,8,550700,4180200,550800,4180200,local
937,h,4180200,9,550800,4180200,550900,4180200,local
938,h,4180200,10,550900,4180200,551000,4180200,local
939,h,4180200,11,551000,4180200,551100,4180200,local
940,h,4180200,12,551100,4180200,551200,4180200,local
941,h,4180200,13,551200,4180200,551300,4180200,local
942,h,4180200,14,551300,4180200,551400,4180200,local
943,h,4180200,15,551400,4180200,551500,4180200,local
944,h,4180200,16,551500,4180200,551600,4180200,local
945,h,4180200,17,551600,4180200,551700,4180200,local
946,h,4180200,18,551700,4180200,551800,4180200,local
947,h,4180200,19,551800,4180200,551900,4180200,local
948,h,4180200,20,551900,4180200,552000,4180200,local
949,h,4180200,21,552000,4180200,552100,4180200,local
950,h,4180200,22,552100,4180200,552200,4180200,local
951,h,4180200,23,552200,4180200,552300,4180200,local
952,h,4180200,24,552300,4180200,552400,4180200,local
953,h,4180200,25,552400,4180200,552500,4180200,local
954,h,4180200,26,552500,4180200,552600,4180200,local
955,h,4180200,27,552600,4180200,552700,4180200,local
956,h,4180200,28,552700,4180200,552800,4180200,local
957,h,4180200,29,552800,4180200,552900,4180200,local
958,h,4180300,1,550000,4180300,550100,4180300,collector
959,h,4180300,2,550100,4180300,550200,4180300,collector
960,h,4180300,3,550200,4180300,550300,4180300,collector
961,h,4180300,4,550300,4180300,550400,4180300,collector
962,h,4180300,5,550400,4180300,550500,4180300,collector
963,h,4180300,6,550500,4180300,550600,4180300,collector
964,h,4180300,7,550600,4180300,550700,4180300,collector
965,h,4180300,8,550700,4180300,550800,4180300,collector
966,h,4180300,9,550800,4180300,550900,4180300,collector
967,h,4180300,10,550900,4180300,551000,4180300,collector
968,h,4180300,11,551000,4180300,551100,4180300,collector
969,h,4180300,12,551100,4180300,551200,4180300,collector
970,h,4180300,13,551200,4180300,551300,4180300,collector
971,h,4180300,14,551300,4180300,551400,4180300,collector
972,h,4180300,15,551400,4180300,551500,4180300,collector
973,h,4180300,16,551500,4180300,551600,4180300,collector
974,h,4180300,17,551600,4180300,551700,4180300,collector
975,h,4180300,18,551700,4180300,551800,4180300,collector
976,h,4180300,19,551800,4180300,551900,4180300,collector
977,h,4180300,20,551900,4180300,552000,4180300,collector
978,h,4180300,21,552000,4180300,552100,4180300,collector
979,h,4180300,22,552100,4180300,552200,4180300,collector
980,h,4180300,23,552200,4180300,552300,4180300,collector
981,h,4180300,24,552300,4180300,552400,4180300,collector
982,h,4180300,25,552400,4180300,552500,4180300,collector
983,h,4180300,26,552500,4180300,552600,4180300,collector
984,h,4180300,27,552600,4180300,552700,4180300,collector
985,h,4180300,28,552700,4180300,552800,4180300,collector
986,h,4180300,29,552800,4180300,552900,4180300,collector
987,h,4180400,1,550000,4180400,550100,4180400,local
988,h,4180400,2,550100,4180400,550200,4180400,local
989,h,4180400,3,550200,4180400,550300,4180400,local
990,h,4180400,4,550300,4180400,550400,4180400,local
991,h,4180400,5,550400,4180400,550500,4180400,local
992,h,4180400,6,550500,4180400,550600,4180400,local
993,h,4180400,7,550600,4180400,550700,4180400,local
994,h,4180400,8,550700,4180400,550800,4180400,local
995,h,4180400,9,550800,4180400,550900,4180400,local
996,h,4180400,10,550900,4180400,551000,4180400,local
997,h,4180400,11,551000,4180400,551100,4180400,local
998,h,4180400,12,551100,4180400,551200,4180400,local
999,h,4180400,13,551200,4180400,551300,4180400,local
1000,h,4180400,14,551300,4180400,551400,4180400,local
1001,h,4180400,15,551400,4180400,551500,4180400,local
1002,h,4180400,16,551500,4180400,551600,4180400,local
1003,h,4180400,17,551600,4180400,551700,4180400,local
1004,h,4180400,18,551700,4180400,551800,4180400,local
1005,h,4180400,19,551800,4180400,551900,4180400,local
1006,h,4180400,20,551900,4180400,552000,4180400,local
1007,h,4180400,21,552000,4180400,552100,4180400,local
1008,h,4180400,22,552100,4180400,552200,4180400,local
1009,h,4180400,23,552200,4180400,552300,4180400,local
1010,h,4180400,24,552300,4180400,552400,4180400,local
1011,h,4180400,25,552400,4180400,552500,4180400,local
1012,h,4180400,26,552500,4180400,552600,4180400,local
1013,h,4180400,27,552600,4180400,552700,4180400,local
1014,h,4180400,28,552700,4180400,552800,4180400,local
1015,h,4180400,29,552800,4180400,552900,4180400,local
1016,h,4180500,1,550000,4180500,550100,4180500,local
1017,h,4180500,2,550100,4180500,550200,4180500,local
1018,h,4180500,3,550200,4180500,550300,4180500,local
1019,h,4180500,4,550300,4180500,550400,4180500,local
1020,h,4180500,5,550400,4180500,550500,4180500,local
1021,h,4180500,6,550500,4180500,550600,4180500,local
1022,h,4180500,7,550600,4180500,550700,4180500,local
1023,h,4180500,8,550700,4180500,550800,4180500,local
1024,h,4180500,9,550800,4180500,550900,4180500,local
1025,h,4180500,10,550900,4180500,551000,4180500,local
1026,h,4180500,11,551000,4180500,551100,4180500,local
1027,h,4180500,12,551100,4180500,551200,4180500,local
1028,h,4180500,13,551200,4180500,551300,4180500,local
1029,h,4180500,14,551300,4180500,551400,4180500,local
1030,h,4180500,15,551400,4180500,551500,4180500,local
1031,h,4180500,16,551500,4180500,551600,4180500,local
1032,h,4180500,17,551600,4180500,551700,4180500,local
1033,h,4180500,18,551700,4180500,551800,4180500,local
1034,h,4180500,19,551800,4180500,551900,4180500,local
1035,h,4180500,20,551900,4180500,552000,4180500,local
1036,h,4180500,21,552000,4180500,552100,4180500,local
1037,h,4180500,22,552100,4180500,552200,4180500,local
1038,h,4180500,23,552200,4180500,552300,4180500,local
1039,h,4180500,24,552300,4180500,552400,4180500,local
1040,h,4180500,25,552400,4180500,552500,4180500,local
1041,h,4180500,26,552500,4180500,552600,4180500,local
1042,h,4180500,27,552600,4180500,552700,4180500,local
1043,h,4180500,28,552700,4180500,552800,4180500,local
1044,h,4180500,29,552800,4180500,552900,4180500,local
1045,h,4180600,1,550000,4180600,550100,4180600,local
1046,h,4180600,2,550100,4180600,550200,4180600,local
1047,h,4180600,3,550200,4180600,550300,4180600,local
1048,h,4180600,4,550300,4180600,550400,4180600,local
1049,h,4180600,5,550400,4180600,550500,4180600,local
1050,h,4180600,6,550500,4180600,550600,4180600,local
1051,h,4180600,7,550600,4180600,550700,4180600,local
1052,h,4180600,8,550700,4180600,550800,4180600,local
1053,h,4180600,9,550800,4180600,550900,4180600,local
1054,h,4180600,10,550900,4180600,551000,4180600,local
1055,h,4180600,11,551000,4180600,551100,4180600,local
1056,h,4180600,12,551100,4180600,551200,4180600,local
1057,h,4180600,13,551200,4180600,551300,4180600,local
1058,h,4180600,14,551300,4180600,551400,4180600,local
1059,h,4180600,15,551400,4180600,551500,4180600,local
1060,h,4180600,16,551500,4180600,551600,4180600,local
1061,h,4180600,17,551600,4180600,551700,4180600,local
1062,h,4180600,18,551700,4180600,551800,4180600,local
1063,h,4180600,19,551800,4180600,551900,4180600,local
1064,h,4180600,20,551900,4180600,552000,4180600,local
1065,h,4180600,21,552000,4180600,552100,4180600,local
1066,h,4180600,22,552100,4180600,552200,4180600,local
1067,h,4180600,23,552200,4180600,552300,4180600,local
1068,h,4180600,24,552300,4180600,552400,4180600,local
1069,h,4180600,25,552400,4180600,552500,4180600,local
1070,h,4180600,26,552500,4180600,552600,4180600,local
1071,h,4180600,27,552600,4180600,552700,4180600,local
1072,h,4180600,28,552700,4180600,552800,4180600,local
1073,h,4180600,29,552800,4180600,552900,4180600,local
1074,h,4180700,1,550000,4180700,550100,4180700,arterial
1075,h,4180700,2,550100,4180700,550200,4180700,arterial
1076,h,4180700,3,550200,4180700,550300,4180700,arterial
1077,h,4180700,4,550300,4180700,550400,4180700,arterial
1078,h,4180700,5,550400,4180700,550500,4180700,arterial
1079,h,4180700,6,550500,4180700,550600,4180700,arterial
1080,h,4180700,7,550600,4180700,550700,4180700,arterial
1081,h,4180700,8,550700,4180700,550800,4180700,arterial
1082,h,4180700,9,550800,4180700,550900,4180700,arterial
1083,h,4180700,10,550900,4180700,551000,4180700,arterial
1084,h,4180700,11,551000,4180700,551100,4180700,arterial
1085,h,4180700,12,551100,4180700,551200,4180700,arterial
1086,h,4180700,13,551200,4180700,551300,4180700,arterial
1087,h,4180700,14,551300,4180700,551400,4180700,arterial
1088,h,4180700,15,551400,4180700,551500,4180700,arterial
1089,h,4180700,16,551500,4180700,551600,4180700,arterial
1090,h,4180700,17,551600,4180700,551700,4180700,arterial
1091,h,4180700,18,551700,4180700,551800,4180700,arterial
1092,h,4180700,19,551800,4180700,551900,4180700,arterial
1093,h,4180700,20,551900,4180700,552000,4180700,arterial
1094,h,4180700,21,552000,4180700,552100,4180700,arterial
1095,h,4180700,22,552100,4180700,552200,4180700,arterial
1096,h,4180700,23,552200,4180700,552300,4180700,arterial
1097,h,4180700,24,552300,4180700,552400,4180700,arterial
1098,h,4180700,25,552400,4180700,552500,4180700,arterial
1099,h,4180700,26,552500,4180700,552600,4180700,arterial
1100,h,4180700,27,552600,4180700,552700,4180700,arterial
1101,h,4180700,28,552700,4180700,552800,4180700,arterial
1102,h,4180700,29,552800,4180700,552900,4180700,arterial
1103,h,4180800,1,550000,4180800,550100,4180800,local
1104,h,4180800,2,550100,4180800,550200,4180800,local
1105,h,4180800,3,550200,4180800,550300,4180800,local
1106,h,4180800,4,550300,4180800,550400,4180800,local
1107,h,4180800,5,550400,4180800,550500,4180800,local
1108,h,4180800,6,550500,4180800,550600,4180800,local
1109,h,4180800,7,550600,4180800,550700,4180800,local
1110,h,4180800,8,550700,4180800,550800,4180800,local
1111,h,4180800,9,550800,4180800,550900,4180800,local
1112,h,4180800,10,550900,4180800,551000,4180800,local
1113,h,4180800,11,551000,4180800,551100,4180800,local
1114,h,4180800,12,551100,4180800,551200,4180800,local
1115,h,4180800,13,551200,4180800,551300,4180800,local
1116,h,4180800,14,551300,4180800,551400,4180800,local
1117,h,4180800,15,551400,4180800,551500,4180800,local
1118,h,4180800,16,551500,4180800,551600,4180800,local
1119,h,4180800,17,551600,4180800,551700,4180800,local
1120,h,4180800,18,551700,4180800,551800,4180800,local
1121,h,4180800,19,551800,4180800,551900,4180800,local
1122,h,4180800,20,551900,4180800,552000,4180800,local
1123,h,4180800,21,552000,4180800,552100,4180800,local
1124,h,4180800,22,552100,4180800,552200,4180800,local
1125,h,4180800,23,552200,4180800,552300,4180800,local
1126,h,4180800,24,552300,4180800,552400,4180800,local
1127,h,4180800,25,552400,4180800,552500,4180800,local
1128,h,4180800,26,552500,4180800,552600,4180800,local
1129,h,4180800,27,552600,4180800,552700,4180800,local
1130,h,4180800,28,552700,4180800,552800,4180800,local
1131,h,4180800,29,552800,4180800,552900,4180800,local
1132,h,4180900,1,550000,4180900,550100,4180900,local
1133,h,4180900,2,550100,4180900,550200,4180900,local
1134,h,4180900,3,550200,4180900,550300,4180900,local
1135,h,4180900,4,550300,4180900,550400,4180900,local
1136,h,4180900,5,550400,4180900,550500,4180900,local
1137,h,4180900,6,550500,4180900,550600,4180900,local
1138,h,4180900,7,550600,4180900,550700,4180900,local
1139,h,4180900,8,550700,4180900,550800,4180900,local
1140,h,4180900,9,550800,4180900,550900,4180900,local
1141,h,4180900,10,550900,4180900,551000,4180900,local
1142,h,4180900,11,551000,4180900,551100,4180900,local
1143,h,4180900,12,551100,4180900,551200,4180900,local
1144,h,4180900,13,551200,4180900,551300,4180900,local
1145,h,4180900,14,551300,4180900,551400,4180900,local
1146,h,4180900,15,551400,4180900,551500,4180900,local
1147,h,4180900,16,551500,4180900,551600,4180900,local
1148,h,4180900,17,551600,4180900,551700,4180900,local
1149,h,4180900,18,551700,4180900,551800,4180900,local
1150,h,4180900,19,551800,4180900,551900,4180900,local
1151,h,4180900,20,551900,4180900,552000,4180900,local
1152,h,4180900,21,552000,4180900,552100,4180900,local
1153,h,4180900,22,552100,4180900,552200,4180900,local
1154,h,4180900,23,552200,4180900,552300,4180900,local
1155,h,4180900,24,552300,4180900,552400,4180900,local
1156,h,4180900,25,552400,4180900,552500,4180900,local
1157,h,4180900,26,552500,4180900,552600,4180900,local
1158,h,4180900,27,552600,4180900,552700,4180900,local
1159,h,4180900,28,552700,4180900,552800,4180900,local
1160,h,4180900,29,552800,4180900,552900,4180900,local
1161,h,4181000,1,550000,4181000,550100,4181000,local
1162,h,4181000,2,550100,4181000,550200,4181000,local
1163,h,4181000,3,550200,4181000,550300,4181000,local
1164,h,4181000,4,550300,4181000,550400,4181000,local
1165,h,4181000,5,550400,4181000,550500,4181000,local
1166,h,4181000,6,550500,4181000,550600,4181000,local
1167,h,4181000,7,550600,4181000,550700,4181000,local
1168,h,4181000,8,550700,4181000,550800,4181000,local
1169,h,4181000,9,550800,4181000,550900,4181000,local
1170,h,4181000,10,550900,4181000,551000,4181000,local
1171,h,4181000,11,551000,4181000,551100,4181000,local
1172,h,4181000,12,551100,4181000,551200,4181000,local
1173,h,4181000,13,551200,4181000,551300,4181000,local
1174,h,4181000,14,551300,4181000,551400,4181000,local
1175,h,4181000,15,551400,4181000,551500,4181000,local
1176,h,4181000,16,551500,4181000,551600,4181000,local
1177,h,4181000,17,551600,4181000,551700,4181000,local
1178,h,4181000,18,551700,4181000,551800,4181000,local
1179,h,4181000,19,551800,4181000,551900,4181000,local
1180,h,4181000,20,551900,4181000,552000,4181000,local
1181,h,4181000,21,552000,4181000,552100,4181000,local
1182,h,4181000,22,552100,4181000,552200,4181000,local
1183,h,4181000,23,552200,4181000,552300,4181000,local
1184,h,4181000,24,552300,4181000,552400,4181000,local
1185,h,4181000,25,552400,4181000,552500,4181000,local
1186,h,4181000,26,552500,4181000,552600,4181000,local
1187,h,4181000,27,552600,4181000,552700,4181000,local
1188,h,4181000,28,552700,4181000,552800,4181000,local
1189,h,4181000,29,552800,4181000,552900,4181000,local
1190,h,4181100,1,550000,4181100,550100,4181100,local
1191,h,4181100,2,550100,4181100,550200,4181100,local
1192,h,4181100,3,550200,4181100,550300,4181100,local
1193,h,4181100,4,550300,4181100,550400,4181100,local
1194,h,4181100,5,550400,4181100,550500,4181100,local
1195,h,4181100,6,550500,4181100,550600,4181100,local
1196,h,4181100,7,550600,4181100,550700,4181100,local
1197,h,4181100,8,550700,4181100,550800,4181100,local
1198,h,4181100,9,550800,4181100,550900,4181100,local
1199,h,4181100,10,550900,4181100,551000,4181100,local
1200,h,4181100,11,551000,4181100,551100,4181100,local
1201,h,4181100,12,551100,4181100,551200,4181100,local
1202,h,4181100,13,551200,4181100,551300,4181100,local
1203,h,4181100,14,551300,4181100,551400,4181100,local
1204,h,4181100,15,551400,4181100,551500,4181100,local
1205,h,4181100,16,551500,4181100,551600,4181100,local
1206,h,4181100,17,551600,4181100,551700,4181100,local
1207,h,4181100,18,551700,4181100,551800,4181100,local
1208,h,4181100,19,551800,4181100,551900,4181100,local
1209,h,4181100,20,551900,4181100,552000,4181100,local
1210,h,4181100,21,552000,4181100,552100,4181100,local
1211,h,4181100,22,552100,4181100,552200,4181100,local
1212,h,4181100,23,552200,4181100,552300,4181100,local
1213,h,4181100,24,552300,4181100,552400,4181100,local
1214,h,4181100,25,552400,4181100,552500,4181100,local
1215,h,4181100,26,552500,4181100,552600,4181100,local
1216,h,4181100,27,552600,4181100,552700,4181100,local
1217,h,4181100,28,552700,4181100,552800,4181100,local
1218,h,4181100,29,552800,4181100,552900,4181100,local
1219,h,4181200,1,550000,4181200,550100,4181200,local
1220,h,4181200,2,550100,4181200,550200,4181200,local
1221,h,4181200,3,550200,4181200,550300,4181200,local
1222,h,4181200,4,550300,4181200,550400,4181200,local
1223,h,4181200,5,550400,4181200,550500,4181200,local
1224,h,4181200,6,550500,4181200,550600,4181200,local
1225,h,4181200,7,550600,4181200,550700,4181200,local
1226,h,4181200,8,550700,4181200,550800,4181200,local
1227,h,4181200,9,550800,4181200,550900,4181200,local
1228,h,4181200,10,550900,4181200,551000,4181200,local
1229,h,4181200,11,551000,4181200,551100,4181200,local
1230,h,4181200,12,551100,4181200,551200,4181200,local
1231,h,4181200,13,551200,4181200,551300,4181200,local
1232,h,4181200,14,551300,4181200,551400,4181200,local
1233,h,4181200,15,551400,4181200,551500,4181200,local
1234,h,4181200,16,551500,4181200,551600,4181200,local
1235,h,4181200,17,551600,4181200,551700,4181200,local
1236,h,4181200,18,551700,4181200,551800,4181200,local
1237,h,4181200,19,551800,4181200,551900,4181200,local
1238,h,4181200,20,551900,4181200,552000,4181200,local
1239,h,4181200,21,552000,4181200,552100,4181200,local
1240,h,4181200,22,552100,4181200,552200,4181200,local
1241,h,4181200,23,552200,4181200,552300,4181200,local
1242,h,4181200,24,552300,4181200,552400,4181200,local
1243,h,4181200,25,552400,4181200,552500,4181200,local
1244,h,4181200,26,552500,4181200,552600,4181200,local
1245,h,4181200,27,552600,4181200,552700,4181200,local
1246,h,4181200,28,552700,4181200,552800,4181200,local
1247,h,4181200,29,552800,4181200,552900,4181200,local
1248,h,4181300,1,550000,4181300,550100,4181300,local
1249,h,4181300,2,550100,4181300,550200,4181300,local
1250,h,4181300,3,550200,4181300,550300,4181300,local
1251,h,4181300,4,550300,4181300,550400,4181300,local
1252,h,4181300,5,550400,4181300,550500,4181300,local
1253,h,4181300,6,550500,4181300,550600,4181300,local
1254,h,4181300,7,550600,4181300,550700,4181300,local
1255,h,4181300,8,550700,4181300,550800,4181300,local
1256,h,4181300,9,550800,4181300,550900,4181300,local
1257,h,4181300,10,550900,4181300,551000,4181300,local
1258,h,4181300,11,551000,4181300,551100,4181300,local
1259,h,4181300,12,551100,4181300,551200,4181300,local
1260,h,4181300,13,551200,4181300,551300,4181300,local
1261,h,4181300,14,551300,4181300,551400,4181300,local
1262,h,4181300,15,551400,4181300,551500,4181300,local
1263,h,4181300,16,551500,4181300,551600,4181300,local
1264,h,4181300,17,551600,4181300,551700,4181300,local
1265,h,4181300,18,551700,4181300,551800,4181300,local
1266,h,4181300,19,551800,4181300,551900,4181300,local
1267,h,4181300,20,551900,4181300,552000,4181300,local
1268,h,4181300,21,552000,4181300,552100,4181300,local
1269,h,4181300,22,552100,4181300,552200,4181300,local
1270,h,4181300,23,552200,4181300,552300,4181300,local
1271,h,4181300,24,552300,4181300,552400,4181300,local
1272,h,4181300,25,552400,4181300,552500,4181300,local
1273,h,4181300,26,552500,4181300,552600,4181300,local
1274,h,4181300,27,552600,4181300,552700,4181300,local
1275,h,4181300,28,552700,4181300,552800,4181300,local
1276,h,4181300,29,552800,4181300,552900,4181300,local
1277,h,4181400,1,550000,4181400,550100,4181400,local
1278,h,4181400,2,550100,4181400,550200,4181400,local
1279,h,4181400,3,550200,4181400,550300,4181400,local
1280,h,4181400,4,550300,4181400,550400,4181400,local
1281,h,4181400,5,550400,4181400,550500,4181400,local
1282,h,4181400,6,550500,4181400,550600,4181400,local
1283,h,4181400,7,550600,4181400,550700,4181400,local
1284,h,4181400,8,550700,4181400,550800,4181400,local
1285,h,4181400,9,550800,4181400,550900,4181400,local
1286,h,4181400,10,550900,4181400,551000,4181400,local
1287,h,4181400,11,551000,4181400,551100,4181400,local
1288,h,4181400,12,551100,4181400,551200,4181400,local
1289,h,4181400,13,551200,4181400,551300,4181400,local
1290,h,4181400,14,551300,4181400,551400,4181400,local
1291,h,4181400,15,551400,4181400,551500,4181400,local
1292,h,4181400,16,551500,4181400,551600,4181400,local
1293,h,4181400,17,551600,4181400,551700,4181400,local
1294,h,4181400,18,551700,4181400,551800,4181400,local
1295,h,4181400,19,551800,4181400,551900,4181400,local
1296,h,4181400,20,551900,4181400,552000,4181400,local
1297,h,4181400,21,552000,4181400,552100,4181400,local
1298,h,4181400,22,552100,4181400,552200,4181400,local
1299,h,4181400,23,552200,4181400,552300,4181400,local
1300,h,4181400,24,552300,4181400,552400,4181400,local
1301,h,4181400,25,552400,4181400,552500,4181400,local
1302,h,4181400,26,552500,4181400,552600,4181400,local
1303,h,4181400,27,552600,4181400,552700,4181400,local
1304,h,4181400,28,552700,4181400,552800,4181400,local
1305,h,4181400,29,552800,4181400,552900,4181400,local
1306,h,4181500,1,550000,4181500,550100,4181500,local
1307,h,4181500,2,550100,4181500,550200,4181500,local
1308,h,4181500,3,550200,4181500,550300,4181500,local
1309,h,4181500,4,550300,4181500,550400,4181500,local
1310,h,4181500,5,550400,4181500,550500,4181500,local
1311,h,4181500,6,550500,4181500,550600,4181500,local
1312,h,4181500,7,550600,4181500,550700,4181500,local
1313,h,4181500,8,550700,4181500,550800,4181500,local
1314,h,4181500,9,550800,4181500,550900,4181500,local
1315,h,4181500,10,550900,4181500,551000,4181500,local
1316,h,4181500,11,551000,4181500,551100,4181500,local
1317,h,4181500,12,551100,4181500,551200,4181500,local
1318,h,4181500,13,551200,4181500,551300,4181500,local
1319,h,4181500,14,551300,4181500,551400,4181500,local
1320,h,4181500,15,551400,4181500,551500,4181500,local
1321,h,4181500,16,551500,4181500,551600,4181500,local
1322,h,4181500,17,551600,4181500,551700,4181500,local
1323,h,4181500,18,551700,4181500,551800,4181500,local
1324,h,4181500,19,551800,4181500,551900,4181500,local
1325,h,4181500,20,551900,4181500,552000,4181500,local
1326,h,4181500,21,552000,4181500,552100,4181500,local
1327,h,4181500,22,552100,4181500,552200,4181500,local
1328,h,4181500,23,552200,4181500,552300,4181500,local
1329,h,4181500,24,552300,4181500,552400,4181500,local
1330,h,4181500,25,552400,4181500,552500,4181500,local
1331,h,4181500,26,552500,4181500,552600,4181500,local
1332,h,4181500,27,552600,4181500,552700,4181500,local
1333,h,4181500,28,552700,4181500,552800,4181500,local
1334,h,4181500,29,552800,4181500,552900,4181500,local
1335,h,4181600,1,550000,4181600,550100,4181600,local
1336,h,4181600,2,550100,4181600,550200,4181600,local
1337,h,4181600,3,550200,4181600,550300,4181600,local
1338,h,4181600,4,550300,4181600,550400,4181600,local
1339,h,4181600,5,550400,4181600,550500,4181600,local
1340,h,4181600,6,550500,4181600,550600,4181600,local
1341,h,4181600,7,550600,4181600,550700,4181600,local
1342,h,4181600,8,550700,4181600,550800,4181600,local
1343,h,4181600,9,550800,4181600,550900,4181600,local
1344,h,4181600,10,550900,4181600,551000,4181600,local
1345,h,4181600,11,551000,4181600,551100,4181600,local
1346,h,4181600,12,551100,4181600,551200,4181600,local
1347,h,4181600,13,551200,4181600,551300,4181600,local
1348,h,4181600,14,551300,4181600,551400,4181600,local
1349,h,4181600,15,551400,4181600,551500,4181600,local
1350,h,4181600,16,551500,4181600,551600,4181600,local
1351,h,4181600,17,551600,4181600,551700,4181600,local
1352,h,4181600,18,551700,4181600,551800,4181600,local
1353,h,4181600,19,551800,4181600,551900,4181600,local
1354,h,4181600,20,551900,4181600,552000,4181600,local
1355,h,4181600,21,552000,4181600,552100,4181600,local
1356,h,4181600,22,552100,4181600,552200,4181600,local
1357,h,4181600,23,552200,4181600,552300,4181600,local
1358,h,4181600,24,552300,4181600,552400,4181600,local
1359,h,4181600,25,552400,4181600,552500,4181600,local
1360,h,4181600,26,552500,4181600,552600,4181600,local
1361,h,4181600,27,552600,4181600,552700,4181600,local
1362,h,4181600,28,552700,4181600,552800,4181600,local
1363,h,4181600,29,552800,4181600,552900,4181600,local
1364,h,4181700,1,550000,4181700,550100,4181700,local
1365,h,4181700,2,550100,4181700,550200,4181700,local
1366,h,4181700,3,550200,4181700,550300,4181700,local
1367,h,4181700,4,550300,4181700,550400,4181700,local
1368,h,4181700,5,550400,4181700,550500,4181700,local
1369,h,4181700,6,550500,4181700,550600,4181700,local
1370,h,4181700,7,550600,4181700,550700,4181700,local
1371,h,4181700,8,550700,4181700,550800,4181700,local
1372,h,4181700,9,550800,4181700,550900,4181700,local
1373,h,4181700,10,550900,4181700,551000,4181700,local
1374,h,4181700,11,551000,4181700,551100,4181700,local
1375,h,4181700,12,551100,4181700,551200,4181700,local
1376,h,4181700,13,551200,4181700,551300,4181700,local
1377,h,4181700,14,551300,4181700,551400,4181700,local
1378,h,4181700,15,551400,4181700,551500,4181700,local
1379,h,4181700,16,551500,4181700,551600,4181700,local
1380,h,4181700,17,551600,4181700,551700,4181700,local
1381,h,4181700,18,551700,4181700,551800,4181700,local
1382,h,4181700,19,551800,4181700,551900,4181700,local
1383,h,4181700,20,551900,4181700,552000,4181700,local
1384,h,4181700,21,552000,4181700,552100,4181700,local
1385,h,4181700,22,552100,4181700,552200,4181700,local
1386,h,4181700,23,552200,4181700,552300,4181700,local
1387,h,4181700,24,552300,4181700,552400,4181700,local
1388,h,4181700,25,552400,4181700,552500,4181700,local
1389,h,4181700,26,552500,4181700,552600,4181700,local
1390,h,4181700,27,552600,4181700,552700,4181700,local
1391,h,4181700,28,552700,4181700,552800,4181700,local
1392,h,4181700,29,552800,4181700,552900,4181700,local
1393,h,4181800,1,550000,4181800,550100,4181800,local
1394,h,4181800,2,550100,4181800,550200,4181800,local
1395,h,4181800,3,550200,4181800,550300,4181800,local
1396,h,4181800,4,550300,4181800,550400,4181800,local
1397,h,4181800,5,550400,4181800,550500,4181800,local
1398,h,4181800,6,550500,4181800,550600,4181800,local
1399,h,4181800,7,550600,4181800,550700,4181800,local
1400,h,4181800,8,550700,4181800,550800,4181800,local
1401,h,4181800,9,550800,4181800,550900,4181800,local
1402,h,4181800,10,550900,4181800,551000,4181800,local
1403,h,4181800,11,551000,4181800,551100,4181800,local
1404,h,4181800,12,551100,4181800,551200,4181800,local
1405,h,4181800,13,551200,4181800,551300,4181800,local
1406,h,4181800,14,551300,4181800,551400,4181800,local
1407,h,4181800,15,551400,4181800,551500,4181800,local
1408,h,4181800,16,551500,4181800,551600,4181800,local
1409,h,4181800,17,551600,4181800,551700,4181800,local
1410,h,4181800,18,551700,4181800,551800,4181800,local
1411,h,4181800,19,551800,4181800,551900,4181800,local
1412,h,4181800,20,551900,4181800,552000,4181800,local
1413,h,4181800,21,552000,4181800,552100,4181800,local
1414,h,4181800,22,552100,4181800,552200,4181800,local
1415,h,4181800,23,552200,4181800,552300,4181800,local
1416,h,4181800,24,552300,4181800,552400,4181800,local
1417,h,4181800,25,552400,4181800,552500,4181800,local
1418,h,4181800,26,552500,4181800,552600,4181800,local
1419,h,4181800,27,552600,4181800,552700,4181800,local
1420,h,4181800,28,552700,4181800,552800,4181800,local
1421,h,4181800,29,552800,4181800,552900,4181800,local
1422,h,4181900,1,550000,4181900,550100,4181900,local
1423,h,4181900,2,550100,4181900,550200,4181900,local
1424,h,4181900,3,550200,4181900,550300,4181900,local
1425,h,4181900,4,550300,4181900,550400,4181900,local
1426,h,4181900,5,550400,4181900,550500,4181900,local
1427,h,4181900,6,550500,4181900,550600,4181900,local
1428,h,4181900,7,550600,4181900,550700,4181900,local
1429,h,4181900,8,550700,4181900,550800,4181900,local
1430,h,4181900,9,550800,4181900,550900,4181900,local
1431,h,4181900,10,550900,4181900,551000,4181900,local
1432,h,4181900,11,551000,4181900,551100,4181900,local
1433,h,4181900,12,551100,4181900,551200,4181900,local
1434,h,4181900,13,551200,4181900,551300,4181900,local
1435,h,4181900,14,551300,4181900,551400,4181900,local
1436,h,4181900,15,551400,4181900,551500,4181900,local
1437,h,4181900,16,551500,4181900,551600,4181900,local
1438,h,4181900,17,551600,4181900,551700,4181900,local
1439,h,4181900,18,551700,4181900,551800,4181900,local
1440,h,4181900,19,551800,4181900,551900,4181900,local
1441,h,4181900,20,551900,4181900,552000,4181900,local
1442,h,4181900,21,552000,4181900,552100,4181900,local
1443,h,4181900,22,552100,4181900,552200,4181900,local
1444,h,4181900,23,552200,4181900,552300,4181900,local
1445,h,4181900,24,552300,4181900,552400,4181900,local
1446,h,4181900,25,552400,4181900,552500,4181900,local
1447,h,4181900,26,552500,4181900,552600,4181900,local
1448,h,4181900,27,552600,4181900,552700,4181900,local
1449,h,4181900,28,552700,4181900,552800,4181900,local
1450,h,4181900,29,552800,4181900,552900,4181900,local
1451,h,4182000,1,550000,4182000,550100,4182000,local
1452,h,4182000,2,550100,4182000,550200,4182000,local
1453,h,4182000,3,550200,4182000,550300,4182000,local
1454,h,4182000,4,550300,4182000,550400,4182000,local
1455,h,4182000,5,550400,4182000,550500,4182000,local
1456,h,4182000,6,550500,4182000,550600,4182000,local
1457,h,4182000,7,550600,4182000,550700,4182000,local
1458,h,4182000,8,550700,4182000,550800,4182000,local
1459,h,4182000,9,550800,4182000,550900,4182000,local
1460,h,4182000,10,550900,4182000,551000,4182000,local
1461,h,4182000,11,551000,4182000,551100,4182000,local
1462,h,4182000,12,551100,4182000,551200,4182000,local
1463,h,4182000,13,551200,4182000,551300,4182000,local
1464,h,4182000,14,551300,4182000,551400,4182000,local
1465,h,4182000,15,551400,4182000,551500,4182000,local
1466,h,4182000,16,551500,4182000,551600,4182000,local
1467,h,4182000,17,551600,4182000,551700,4182000,local
1468,h,4182000,18,551700,4182000,551800,4182000,local
1469,h,4182000,19,551800,4182000,551900,4182000,local
1470,h,4182000,20,551900,4182000,552000,4182000,local
1471,h,4182000,21,552000,4182000,552100,4182000,local
1472,h,4182000,22,552100,4182000,552200,4182000,local
1473,h,4182000,23,552200,4182000,552300,4182000,local
1474,h,4182000,24,552300,4182000,552400,4182000,local
1475,h,4182000,25,552400,4182000,552500,4182000,local
1476,h,4182000,26,552500,4182000,552600,4182000,local
1477,h,4182000,27,552600,4182000,552700,4182000,local
1478,h,4182000,28,552700,4182000,552800,4182000,local
1479,h,4182000,29,552800,4182000,552900,4182000,local
1480,h,4182100,1,550000,4182100,550100,4182100,local
1481,h,4182100,2,550100,4182100,550200,4182100,local
1482,h,4182100,3,550200,4182100,550300,4182100,local
1483,h,4182100,4,550300,4182100,550400,4182100,local
1484,h,4182100,5,550400,4182100,550500,4182100,local
1485,h,4182100,6,550500,4182100,550600,4182100,local
1486,h,4182100,7,550600,4182100,550700,4182100,local
1487,h,4182100,8,550700,4182100,550800,4182100,local
1488,h,4182100,9,550800,4182100,550900,4182100,local
1489,h,4182100,10,550900,4182100,551000,4182100,local
1490,h,4182100,11,551000,4182100,551100,4182100,local
1491,h,4182100,12,551100,4182100,551200,4182100,local
1492,h,4182100,13,551200,4182100,551300,4182100,local
1493,h,4182100,14,551300,4182100,551400,4182100,local
1494,h,4182100,15,551400,4182100,551500,4182100,local
1495,h,4182100,16,551500,4182100,551600,4182100,local
1496,h,4182100,17,551600,4182100,551700,4182100,local
1497,h,4182100,18,551700,4182100,551800,4182100,local
1498,h,4182100,19,551800,4182100,551900,4182100,local
1499,h,4182100,20,551900,4182100,552000,4182100,local
1500,h,4182100,21,552000,4182100,552100,4182100,local
1501,h,4182100,22,552100,4182100,552200,4182100,local
1502,h,4182100,23,552200,4182100,552300,4182100,local
1503,h,4182100,24,552300,4182100,552400,4182100,local
1504,h,4182100,25,552400,4182100,552500,4182100,local
1505,h,4182100,26,552500,4182100,552600,4182100,local
1506,h,4182100,27,552600,4182100,552700,4182100,local
1507,h,4182100,28,552700,4182100,552800,4182100,local
1508,h,4182100,29,552800,4182100,552900,4182100,local
1509,h,4182200,1,550000,4182200,550100,4182200,arterial
1510,h,4182200,2,550100,4182200,550200,4182200,arterial
1511,h,4182200,3,550200,4182200,550300,4182200,arterial
1512,h,4182200,4,550300,4182200,550400,4182200,arterial
1513,h,4182200,5,550400,4182200,550500,4182200,arterial
1514,h,4182200,6,550500,4182200,550600,4182200,arterial
1515,h,4182200,7,550600,4182200,550700,4182200,arterial
1516,h,4182200,8,550700,4182200,550800,4182200,arterial
1517,h,4182200,9,550800,4182200,550900,4182200,arterial
1518,h,4182200,10,550900,4182200,551000,4182200,arterial
1519,h,4182200,11,551000,4182200,551100,4182200,arterial
1520,h,4182200,12,551100,4182200,551200,4182200,arterial
1521,h,4182200,13,551200,4182200,551300,4182200,arterial
1522,h,4182200,14,551300,4182200,551400,4182200,arterial
1523,h,4182200,15,551400,4182200,551500,4182200,arterial
1524,h,4182200,16,551500,4182200,551600,4182200,arterial
1525,h,4182200,17,551600,4182200,551700,4182200,arterial
1526,h,4182200,18,551700,4182200,551800,4182200,arterial
1527,h,4182200,19,551800,4182200,551900,4182200,arterial
1528,h,4182200,20,551900,4182200,552000,4182200,arterial
1529,h,4182200,21,552000,4182200,552100,4182200,arterial
1530,h,4182200,22,552100,4182200,552200,4182200,arterial
1531,h,4182200,23,552200,4182200,552300,4182200,arterial
1532,h,4182200,24,552300,4182200,552400,4182200,arterial
1533,h,4182200,25,552400,4182200,552500,4182200,arterial
1534,h,4182200,26,552500,4182200,552600,4182200,arterial
1535,h,4182200,27,552600,4182200,552700,4182200,arterial
1536,h,4182200,28,552700,4182200,552800,4182200,arterial
1537,h,4182200,29,552800,4182200,552900,4182200,arterial
1538,h,4182300,1,550000,4182300,550100,4182300,local
1539,h,4182300,2,550100,4182300,550200,4182300,local
1540,h,4182300,3,550200,4182300,550300,4182300,local
1541,h,4182300,4,550300,4182300,550400,4182300,local
1542,h,4182300,5,550400,4182300,550500,4182300,local
1543,h,4182300,6,550500,4182300,550600,4182300,local
1544,h,4182300,7,550600,4182300,550700,4182300,local
1545,h,4182300,8,550700,4182300,550800,4182300,local
1546,h,4182300,9,550800,4182300,550900,4182300,local
1547,h,4182300,10,550900,4182300,551000,4182300,local
1548,h,4182300,11,551000,4182300,551100,4182300,local
1549,h,4182300,12,551100,4182300,551200,4182300,local
1550,h,4182300,13,551200,4182300,551300,4182300,local
1551,h,4182300,14,551300,4182300,551400,4182300,local
1552,h,4182300,15,551400,4182300,551500,4182300,local
1553,h,4182300,16,551500,4182300,551600,4182300,local
1554,h,4182300,17,551600,4182300,551700,4182300,local
1555,h,4182300,18,551700,4182300,551800,4182300,local
1556,h,4182300,19,551800,4182300,551900,4182300,local
1557,h,4182300,20,551900,4182300,552000,4182300,local
1558,h,4182300,21,552000,4182300,552100,4182300,local
1559,h,4182300,22,552100,4182300,552200,4182300,local
1560,h,4182300,23,552200,4182300,552300,4182300,local
1561,h,4182300,24,552300,4182300,552400,4182300,local
1562,h,4182300,25,552400,4182300,552500,4182300,local
1563,h,4182300,26,552500,4182300,552600,4182300,local
1564,h,4182300,27,552600,4182300,552700,4182300,local
1565,h,4182300,28,552700,4182300,552800,4182300,local
1566,h,4182300,29,552800,4182300,552900,4182300,local
1567,h,4182400,1,550000,4182400,550100,4182400,local
1568,h,4182400,2,550100,4182400,550200,4182400,local
1569,h,4182400,3,550200,4182400,550300,4182400,local
1570,h,4182400,4,550300,4182400,550400,4182400,local
1571,h,4182400,5,550400,4182400,550500,4182400,local
1572,h,4182400,6,550500,4182400,550600,4182400,local
1573,h,4182400,7,550600,4182400,550700,4182400,local
1574,h,4182400,8,550700,4182400,550800,4182400,local
1575,h,4182400,9,550800,4182400,550900,4182400,local
1576,h,4182400,10,550900,4182400,551000,4182400,local
1577,h,4182400,11,551000,4182400,551100,4182400,local
1578,h,4182400,12,551100,4182400,551200,4182400,local
1579,h,4182400,13,551200,4182400,551300,4182400,local
1580,h,4182400,14,551300,4182400,551400,4182400,local
1581,h,4182400,15,551400,4182400,551500,4182400,local
1582,h,4182400,16,551500,4182400,551600,4182400,local
1583,h,4182400,17,551600,4182400,551700,4182400,local
1584,h,4182400,18,551700,4182400,551800,4182400,local
1585,h,4182400,19,551800,4182400,551900,4182400,local
1586,h,4182400,20,551900,4182400,552000,4182400,local
1587,h,4182400,21,552000,4182400,552100,4182400,local
1588,h,4182400,22,552100,4182400,552200,4182400,local
1589,h,4182400,23,552200,4182400,552300,4182400,local
1590,h,4182400,24,552300,4182400,552400,4182400,local
1591,h,4182400,25,552400,4182400,552500,4182400,local
1592,h,4182400,26,552500,4182400,552600,4182400,local
1593,h,4182400,27,552600,4182400,552700,4182400,local
1594,h,4182400,28,552700,4182400,552800,4182400,local
1595,h,4182400,29,552800,4182400,552900,4182400,local
1596,h,4182500,1,550000,4182500,550100,4182500,local
1597,h,4182500,2,550100,4182500,550200,4182500,local
1598,h,4182500,3,550200,4182500,550300,4182500,local
1599,h,4182500,4,550300,4182500,550400,4182500,local
1600,h,4182500,5,550400,4182500,550500,4182500,local
1601,h,4182500,6,550500,4182500,550600,4182500,local
1602,h,4182500,7,550600,4182500,550700,4182500,local
1603,h,4182500,8,550700,4182500,550800,4182500,local
1604,h,4182500,9,550800,4182500,550900,4182500,local
1605,h,4182500,10,550900,4182500,551000,4182500,local
1606,h,4182500,11,551000,4182500,551100,4182500,local
1607,h,4182500,12,551100,4182500,551200,4182500,local
1608,h,4182500,13,551200,4182500,551300,4182500,local
1609,h,4182500,14,551300,4182500,551400,4182500,local
1610,h,4182500,15,551400,4182500,551500,4182500,local
1611,h,4182500,16,551500,4182500,551600,4182500,local
1612,h,4182500,17,551600,4182500,551700,4182500,local
1613,h,4182500,18,551700,4182500,551800,4182500,local
1614,h,4182500,19,551800,4182500,551900,4182500,local
1615,h,4182500,20,551900,4182500,552000,4182500,local
1616,h,4182500,21,552000,4182500,552100,4182500,local
1617,h,4182500,22,552100,4182500,552200,4182500,local
1618,h,4182500,23,552200,4182500,552300,4182500,local
1619,h,4182500,24,552300,4182500,552400,4182500,local
1620,h,4182500,25,552400,4182500,552500,4182500,local
1621,h,4182500,26,552500,4182500,552600,4182500,local
1622,h,4182500,27,552600,4182500,552700,4182500,local
1623,h,4182500,28,552700,4182500,552800,4182500,local
1624,h,4182500,29,552800,4182500,552900,4182500,local
1625,h,4182600,1,550000,4182600,550100,4182600,collector
1626,h,4182600,2,550100,4182600,550200,4182600,collector
1627,h,4182600,3,550200,4182600,550300,4182600,collector
1628,h,4182600,4,550300,4182600,550400,4182600,collector
1629,h,4182600,5,550400,4182600,550500,4182600,collector
1630,h,4182600,6,550500,4182600,550600,4182600,collector
1631,h,4182600,7,550600,4182600,550700,4182600,collector
1632,h,4182600,8,550700,4182600,550800,4182600,collector
1633,h,4182600,9,550800,4182600,550900,4182600,collector
1634,h,4182600,10,550900,4182600,551000,4182600,collector
1635,h,4182600,11,551000,4182600,551100,4182600,collector
1636,h,4182600,12,551100,4182600,551200,4182600,collector
1637,h,4182600,13,551200,4182600,551300,4182600,collector
1638,h,4182600,14,551300,4182600,551400,4182600,collector
1639,h,4182600,15,551400,4182600,551500,4182600,collector
1640,h,4182600,16,551500,4182600,551600,4182600,collector
1641,h,4182600,17,551600,4182600,551700,4182600,collector
1642,h,4182600,18,551700,4182600,551800,4182600,collector
1643,h,4182600,19,551800,4182600,551900,4182600,collector
1644,h,4182600,20,551900,4182600,552000,4182600,collector
1645,h,4182600,21,552000,4182600,552100,4182600,collector
1646,h,4182600,22,552100,4182600,552200,4182600,collector
1647,h,4182600,23,552200,4182600,552300,4182600,collector
1648,h,4182600,24,552300,4182600,552400,4182600,collector
1649,h,4182600,25,552400,4182600,552500,4182600,collector
1650,h,4182600,26,552500,4182600,552600,4182600,collector
1651,h,4182600,27,552600,4182600,552700,4182600,collector
1652,h,4182600,28,552700,4182600,552800,4182600,collector
1653,h,4182600,29,552800,4182600,552900,4182600,collector
1654,h,4182700,1,550000,4182700,550100,4182700,local
1655,h,4182700,2,550100,4182700,550200,4182700,local
1656,h,4182700,3,550200,4182700,550300,4182700,local
1657,h,4182700,4,550300,4182700,550400,4182700,local
1658,h,4182700,5,550400,4182700,550500,4182700,local
1659,h,4182700,6,550500,4182700,550600,4182700,local
1660,h,4182700,7,550600,4182700,550700,4182700,local
1661,h,4182700,8,550700,4182700,550800,4182700,local
1662,h,4182700,9,550800,4182700,550900,4182700,local
1663,h,4182700,10,550900,4182700,551000,4182700,local
1664,h,4182700,11,551000,4182700,551100,4182700,local
1665,h,4182700,12,551100,4182700,551200,4182700,local
1666,h,4182700,13,551200,4182700,551300,4182700,local
1667,h,4182700,14,551300,4182700,551400,4182700,local
1668,h,4182700,15,551400,4182700,551500,4182700,local
1669,h,4182700,16,551500,4182700,551600,4182700,local
1670,h,4182700,17,551600,4182700,551700,4182700,local
1671,h,4182700,18,551700,4182700,551800,4182700,local
1672,h,4182700,19,551800,4182700,551900,4182700,local
1673,h,4182700,20,551900,4182700,552000,4182700,local
1674,h,4182700,21,552000,4182700,552100,4182700,local
1675,h,4182700,22,552100,4182700,552200,4182700,local
1676,h,4182700,23,552200,4182700,552300,4182700,local
1677,h,4182700,24,552300,4182700,552400,4182700,local
1678,h,4182700,25,552400,4182700,552500,4182700,local
1679,h,4182700,26,552500,4182700,552600,4182700,local
1680,h,4182700,27,552600,4182700,552700,4182700,local
1681,h,4182700,28,552700,4182700,552800,4182700,local
1682,h,4182700,29,552800,4182700,552900,4182700,local
1683,h,4182800,1,550000,4182800,550100,4182800,local
1684,h,4182800,2,550100,4182800,550200,4182800,local
1685,h,4182800,3,550200,4182800,550300,4182800,local
1686,h,4182800,4,550300,4182800,550400,4182800,local
1687,h,4182800,5,550400,4182800,550500,4182800,local
1688,h,4182800,6,550500,4182800,550600,4182800,local
1689,h,4182800,7,550600,4182800,550700,4182800,local
1690,h,4182800,8,550700,4182800,550800,4182800,local
1691,h,4182800,9,550800,4182800,550900,4182800,local
1692,h,4182800,10,550900,4182800,551000,4182800,local
1693,h,4182800,11,551000,4182800,551100,4182800,local
1694,h,4182800,12,551100,4182800,551200,4182800,local
1695,h,4182800,13,551200,4182800,551300,4182800,local
1696,h,4182800,14,551300,4182800,551400,4182800,local
1697,h,4182800,15,551400,4182800,551500,4182800,local
1698,h,4182800,16,551500,4182800,551600,4182800,local
1699,h,4182800,17,551600,4182800,551700,4182800,local
1700,h,4182800,18,551700,4182800,551800,4182800,local
1701,h,4182800,19,551800,4182800,551900,4182800,local
1702,h,4182800,20,551900,4182800,552000,4182800,local
1703,h,4182800,21,552000,4182800,552100,4182800,local
1704,h,4182800,22,552100,4182800,552200,4182800,local
1705,h,4182800,23,552200,4182800,552300,4182800,local
1706,h,4182800,24,552300,4182800,552400,4182800,local
1707,h,4182800,25,552400,4182800,552500,4182800,local
1708,h,4182800,26,552500,4182800,552600,4182800,local
1709,h,4182800,27,552600,4182800,552700,4182800,local
1710,h,4182800,28,552700,4182800,552800,4182800,local
1711,h,4182800,29,552800,4182800,552900,4182800,local
1712,h,4182900,1,550000,4182900,550100,4182900,local
1713,h,4182900,2,550100,4182900,550200,4182900,local
1714,h,4182900,3,550200,4182900,550300,4182900,local
1715,h,4182900,4,550300,4182900,550400,4182900,local
1716,h,4182900,5,550400,4182900,550500,4182900,local
1717,h,4182900,6,550500,4182900,550600,4182900,local
1718,h,4182900,7,550600,4182900,550700,4182900,local
1719,h,4182900,8,550700,4182900,550800,4182900,local
1720,h,4182900,9,550800,4182900,550900,4182900,local
1721,h,4182900,10,550900,4182900,551000,4182900,local
1722,h,4182900,11,551000,4182900,551100,4182900,local
1723,h,4182900,12,551100,4182900,551200,4182900,local
1724,h,4182900,13,551200,4182900,551300,4182900,local
1725,h,4182900,14,551300,4182900,551400,4182900,local
1726,h,4182900,15,551400,4182900,551500,4182900,local
1727,h,4182900,16,551500,4182900,551600,4182900,local
1728,h,4182900,17,551600,4182900,551700,4182900,local
1729,h,4182900,18,551700,4182900,551800,4182900,local
1730,h,4182900,19,551800,4182900,551900,4182900,local
1731,h,4182900,20,551900,4182900,552000,4182900,local
1732,h,4182900,21,552000,4182900,552100,4182900,local
1733,h,4182900,22,552100,4182900,552200,4182900,local
1734,h,4182900,23,552200,4182900,552300,4182900,local
1735,h,4182900,24,552300,4182900,552400,4182900,local
1736,h,4182900,25,552400,4182900,552500,4182900,local
1737,h,4182900,26,552500,4182900,552600,4182900,local
1738,h,4182900,27,552600,4182900,552700,4182900,local
1739,h,4182900,28,552700,4182900,552800,4182900,local
1740,h,4182900,29,552800,4182900,552900,4182900,local
1741,v,551487,1,551487,4180000,551487,4180100,freeway
1742,v,551487,2,551487,4180100,551487,4180200,freeway
1743,v,551487,3,551487,4180200,551487,4180300,freeway
1744,v,551487,4,551487,4180300,551487,4180400,freeway
1745,v,551487,5,551487,4180400,551487,4180500,freeway
1746,v,551487,6,551487,4180500,551487,4180600,freeway
1747,v,551487,7,551487,4180600,551487,4180700,freeway
1748,v,551487,8,551487,4180700,551487,4180800,freeway
1749,v,551487,9,551487,4180800,551487,4180900,freeway
1750,v,551487,10,551487,4180900,551487,4181000,freeway
1751,v,551487,11,551487,4181000,551487,4181100,freeway
1752,v,551487,12,551487,4181100,551487,4181200,freeway
1753,v,551487,13,551487,4181200,551487,4181300,freeway
1754,v,551487,14,551487,4181300,551487,4181400,freeway
1755,v,551487,15,551487,4181400,551487,4181500,freeway
1756,v,551487,16,551487,4181500,551487,4181600,freeway
1757,v,551487,17,551487,4181600,551487,4181700,freeway
1758,v,551487,18,551487,4181700,551487,4181800,freeway
1759,v,551487,19,551487,4181800,551487,4181900,freeway
1760,v,551487,20,551487,4181900,551487,4182000,freeway
1761,v,551487,21,551487,4182000,551487,4182100,freeway
1762,v,551487,22,551487,4182100,551487,4182200,freeway
1763,v,551487,23,551487,4182200,551487,4182300,freeway
1764,v,551487,24,551487,4182300,551487,4182400,freeway
1765,v,551487,25,551487,4182400,551487,4182500,freeway
1766,v,551487,26,551487,4182500,551487,4182600,freeway
1767,v,551487,27,551487,4182600,551487,4182700,freeway
1768,v,551487,28,551487,4182700,551487,4182800,freeway
1769,v,551487,29,551487,4182800,551487,4182900,freeway
